date,AFG-new_deaths,AFG-stringency_index,AFG-new_cases,AFG-new_people_vaccinated_smoothed,VIE-new_deaths,VIE-stringency_index,VIE-new_cases,VIE-new_people_vaccinated_smoothed,BRA-new_deaths,BRA-stringency_index,BRA-new_cases,BRA-new_people_vaccinated_smoothed,IND-new_deaths,IND-stringency_index,IND-new_cases,IND-new_people_vaccinated_smoothed,,,,,,,,,,,,,,,,,,,,,,,,,,,,,,,,,,,,,,,,,,,,,,,,,excess_mortality_cumulative_absolute,excess_mortality_cumulative,excess_mortality,excess_mortality_cumulative_per_million
08-03-2021,2,12.04,29,2862,0,63.43,12,377,1122,67.13,36585,242668,77,63.43,15388,955278,,,,,,,,,,,,,,,,,,,,,,,,,,,,,,,,,,,,,,,,,,,,,,,,,,,,
09-03-2021,0,12.04,0,2862,0,63.43,2,261,1951,67.13,71294,235761,133,57.87,17921,1013922,,,,,,,,,,,,,,,,,,,,,,,,,,,,,,,,,,,,,,,,,,,,,,,,,,,,
10-03-2021,0,30.56,18,2862,0,63.43,3,318,2381,67.13,81467,227920,126,57.87,22854,1042194,,,,,,,,,,,,,,,,,,,,,,,,,,,,,,,,,,,,,,,,,,,,,,,,,,,,
11-03-2021,0,30.56,23,2862,0,63.43,4,396,2195,67.13,77071,228195,117,57.87,23285,948429,,,,,,,,,,,,,,,,,,,,,,,,,,,,,,,,,,,,,,,,,,,,,,,,,,,,
12-03-2021,3,30.56,42,2862,0,63.43,17,1050,2122,67.13,82471,226959,140,57.87,24882,1011260,,,,,,,,,,,,,,,,,,,,,,,,,,,,,,,,,,,,,,,,,,,,,,,,,,,,
13-03-2021,0,30.56,0,2862,0,63.43,3,1674,1956,67.13,70343,218280,161,57.87,25320,1019905,,,,,,,,,,,,,,,,,,,,,,,,,,,,,,,,,,,,,,,,,,,,,,,,,,,,
14-03-2021,3,30.56,26,2862,0,63.43,1,1658,1070,67.13,43448,212934,118,57.87,26291,1032069,,,,,,,,,,,,,,,,,,,,,,,,,,,,,,,,,,,,,,,,,,,,,,,,,,,,
15-03-2021,2,30.56,0,2862,0,63.43,3,2213,1334,67.13,44314,226117,131,57.87,24492,1162314,,,,,,,,,,,,,,,,,,,,,,,,,,,,,,,,,,,,,,,,,,,,,,,,,,,,
16-03-2021,1,30.56,10,2862,0,63.43,3,2882,2850,67.13,85645,233977,188,57.87,28903,1265401,,,,,,,,,,,,,,,,,,,,,,,,,,,,,,,,,,,,,,,,,,,,,,,,,,,,
17-03-2021,0,30.56,21,2882,0,63.43,7,3300,2661,70.83,88652,244597,172,57.87,35871,1366615,,,,,,,,,,,,,,,,,,,,,,,,,,,,,,,,,,,,,,,,,,,,,,,,,,,,
18-03-2021,2,30.56,28,2902,0,63.43,3,3709,2724,70.83,87926,251034,154,57.87,39726,1570056,,,,,,,,,,,,,,,,,,,,,,,,,,,,,,,,,,,,,,,,,,,,,,,,,,,,
19-03-2021,0,30.56,25,2921,0,63.43,1,3675,2656,70.83,88259,280264,188,57.87,40953,1680932,,,,,,,,,,,,,,,,,,,,,,,,,,,,,,,,,,,,,,,,,,,,,,,,,,,,
20-03-2021,0,30.56,24,2941,0,63.43,1,3189,2368,70.83,73154,295695,197,57.87,43846,1831079,,,,,,,,,,,,,,,,,,,,,,,,,,,,,,,,,,,,,,,,,,,,,,,,,,,,
21-03-2021,1,30.56,10,2961,0,63.43,0,3184,1247,70.83,47445,300039,212,57.87,46951,1874560,,,,,,,,,,,,,,,,,,,,,,,,,,,,,,,,,,,,,,,,,,,,,,,,,,,,
22-03-2021,1,30.56,50,2980,0,63.43,3,2888,1603,70.83,55970,318151,199,57.87,40715,1935953,,,,,,,,,,,,,,,,,,,,,,,,,,,,,,,,,,,,,,,,,,,,,,,,,,,,
23-03-2021,2,26.85,24,3000,0,56.94,0,2459,3147,70.83,85208,345061,275,57.87,47262,1981416,,,,,,,,,,,,,,,,,,,,,,,,,,,,,,,,,,,,,,,,,,,,,,,,,,,,
24-03-2021,0,26.85,15,3000,0,56.94,1,2252,2317,70.83,90906,387271,251,57.87,53476,2035107,,,,,,,,,,,,,,,,,,,,,,,,,,,,,,,,,,,,,,,,,,,,,,,,,,,,
25-03-2021,1,26.85,34,3000,0,56.94,3,2097,2654,70.83,98261,435312,257,57.87,59118,2082177,,,,,,,,,,,,,,,,,,,,,,,,,,,,,,,,,,,,,,,,,,,,,,,,,,,,
26-03-2021,0,26.85,28,3000,0,56.94,7,1861,3510,70.83,80346,488481,291,57.87,62258,2083513,,,,,,,,,,,,,,,,,,,,,,,,,,,,,,,,,,,,,,,,,,,,,,,,,,,,
27-03-2021,2,26.85,36,3000,0,56.94,0,1702,3409,70.83,81703,506042,312,57.87,62714,2045178,,,,,,,,,,,,,,,,,,,,,,,,,,,,,,,,,,,,,,,,,,,,,,,,,,,,
28-03-2021,1,26.85,4,3000,0,56.94,5,1607,1582,70.83,46958,527927,291,57.87,68020,2012276,,,,,,,,,,,,,,,,,,,,,,,,,,,,,,,,,,,,,,,,,,,,,,,,,,,,
29-03-2021,2,26.85,28,3000,0,56.94,3,1476,2013,70.83,42615,574347,271,57.87,56211,1654321,,,,,,,,,,,,,,,,,,,,,,,,,,,,,,,,,,,,,,,,,,,,,,,,,,,,
30-03-2021,4,26.85,62,3000,0,56.94,0,1478,3655,70.83,86441,596767,354,57.87,53480,1608155,,,,,,,,,,,,,,,,,,,,,,,,,,,,,,,,,,,,,,,,,,,,,,,,,,,,
31-03-2021,8,26.85,70,3000,0,56.94,9,1418,3925,70.83,88725,615623,459,57.87,72330,1562380,,,,,,,,,,,,,,,,,,,,,,,,,,,,,,,,,,,,,,,,,,,,,,,,,,,,
01-04-2021,5,26.85,63,3000,0,56.94,14,1284,3655,70.83,87773,648013,469,57.87,81466,1735332,,,,,,,,,,,,,,,,,,,,,,,,,,,,,,,,,,,,,,,,,,,,,,,,,,,,
02-04-2021,6,26.85,55,3000,0,56.94,3,1156,2801,70.83,69375,567424,714,57.87,89129,1950710,,,,,,,,,,,,,,,,,,,,,,,,,,,,,,,,,,,,,,,,,,,,,,,,,,,,
03-04-2021,1,26.85,23,3000,0,56.94,6,1151,1909,70.83,39355,562888,513,74.54,93249,2042576,,,,,,,,,,,,,,,,,,,,,,,,,,,,,,,,,,,,,,,,,,,,,,,,,,,,
04-04-2021,1,26.85,81,3000,0,56.94,5,1039,1242,70.83,32318,570908,478,74.54,103558,2431229,,,,,,,,,,,,,,,,,,,,,,,,,,,,,,,,,,,,,,,,,,,,,,,,,,,,
05-04-2021,11,26.85,41,3000,0,56.94,6,922,1912,70.83,42674,531574,446,69.91,96982,2866559,,,,,,,,,,,,,,,,,,,,,,,,,,,,,,,,,,,,,,,,,,,,,,,,,,,,
06-04-2021,4,26.85,62,3000,0,56.94,11,814,4068,70.83,85132,550705,630,69.91,115736,3135426,,,,,,,,,,,,,,,,,,,,,,,,,,,,,,,,,,,,,,,,,,,,,,,,,,,,
07-04-2021,0,26.85,94,3000,0,56.94,11,773,3671,70.83,88696,541822,685,69.91,126789,3282832,,,,,,,,,,,,,,,,,,,,,,,,,,,,,,,,,,,,,,,,,,,,,,,,,,,,
08-04-2021,4,26.85,70,3714,0,56.94,9,768,4148,70.83,88555,515369,780,69.91,131968,3329675,,,,,,,,,,,,,,,,,,,,,,,,,,,,,,,,,,,,,,,,,,,,,,,,,,,,
09-04-2021,5,26.85,76,4429,0,56.94,15,849,3752,70.83,88110,541781,794,69.91,145384,3240323,,,,,,,,,,,,,,,,,,,,,,,,,,,,,,,,,,,,,,,,,,,,,,,,,,,,
10-04-2021,0,26.85,125,5143,0,56.94,9,845,2378,70.83,66552,553547,839,69.91,152879,3306642,,,,,,,,,,,,,,,,,,,,,,,,,,,,,,,,,,,,,,,,,,,,,,,,,,,,
11-04-2021,0,26.85,16,5857,0,56.94,1,858,1857,70.83,39175,541509,904,69.91,168912,3272652,,,,,,,,,,,,,,,,,,,,,,,,,,,,,,,,,,,,,,,,,,,,,,,,,,,,
12-04-2021,8,26.85,82,6571,0,56.94,12,912,1711,70.83,39650,550603,879,69.91,161736,3252247,,,,,,,,,,,,,,,,,,,,,,,,,,,,,,,,,,,,,,,,,,,,,,,,,,,,
13-04-2021,0,26.85,122,7286,0,51.39,9,884,3757,70.83,82661,517574,1027,69.91,184372,3052128,,,,,,,,,,,,,,,,,,,,,,,,,,,,,,,,,,,,,,,,,,,,,,,,,,,,
14-04-2021,3,26.85,128,8000,0,51.39,19,982,3445,70.83,74606,493985,1038,69.91,200739,3059453,,,,,,,,,,,,,,,,,,,,,,,,,,,,,,,,,,,,,,,,,,,,,,,,,,,,
15-04-2021,1,26.85,42,8000,0,51.39,25,1023,3491,70.83,71183,461655,1185,69.91,217353,2841819,,,,,,,,,,,,,,,,,,,,,,,,,,,,,,,,,,,,,,,,,,,,,,,,,,,,
16-04-2021,2,26.85,78,8000,0,51.39,14,1190,3337,70.83,84387,445286,1341,69.91,234692,2663519,,,,,,,,,,,,,,,,,,,,,,,,,,,,,,,,,,,,,,,,,,,,,,,,,,,,
17-04-2021,4,26.85,109,8000,0,51.39,9,1363,2877,70.83,68565,426855,1501,69.91,261394,2506445,,,,,,,,,,,,,,,,,,,,,,,,,,,,,,,,,,,,,,,,,,,,,,,,,,,,
18-04-2021,0,26.85,72,8000,0,51.39,4,2966,1522,70.83,38838,415627,1619,69.91,273802,2254910,,,,,,,,,,,,,,,,,,,,,,,,,,,,,,,,,,,,,,,,,,,,,,,,,,,,
19-04-2021,7,26.85,105,8000,0,51.39,6,3087,1756,63.43,36522,399530,1761,73.61,259167,2088020,,,,,,,,,,,,,,,,,,,,,,,,,,,,,,,,,,,,,,,,,,,,,,,,,,,,
20-04-2021,3,26.85,139,8000,0,51.39,9,6684,3347,60.65,72643,387276,2023,73.61,295158,1909194,,,,,,,,,,,,,,,,,,,,,,,,,,,,,,,,,,,,,,,,,,,,,,,,,,,,
21-04-2021,8,26.85,177,8000,0,51.39,12,6696,3197,60.65,73988,360239,2104,73.61,314644,1642023,,,,,,,,,,,,,,,,,,,,,,,,,,,,,,,,,,,,,,,,,,,,,,,,,,,,
22-04-2021,4,26.85,98,8000,0,51.39,12,9265,2051,60.65,48108,344117,2263,73.61,332921,1605002,,,,,,,,,,,,,,,,,,,,,,,,,,,,,,,,,,,,,,,,,,,,,,,,,,,,
23-04-2021,4,26.85,230,8428,0,51.39,6,15667,3042,60.65,69281,424800,2624,73.61,346786,1511338,,,,,,,,,,,,,,,,,,,,,,,,,,,,,,,,,,,,,,,,,,,,,,,,,,,,
24-04-2021,7,26.85,188,8855,0,51.39,3,18740,2766,60.65,63781,413692,2767,73.61,349691,1422907,,,,,,,,,,,,,,,,,,,,,,,,,,,,,,,,,,,,,,,,,,,,,,,,,,,,
25-04-2021,10,26.85,113,9283,0,51.39,10,18636,1334,60.65,33641,404459,2812,73.61,352991,1489034,,,,,,,,,,,,,,,,,,,,,,,,,,,,,,,,,,,,,,,,,,,,,,,,,,,,
26-04-2021,10,26.85,172,9711,0,51.39,9,25554,1380,60.65,32398,413531,2771,73.61,323023,1461010,,,,,,,,,,,,,,,,,,,,,,,,,,,,,,,,,,,,,,,,,,,,,,,,,,,,
27-04-2021,6,26.85,210,10138,0,69.91,5,30266,3081,60.65,75844,441693,3293,73.61,360927,1513859,,,,,,,,,,,,,,,,,,,,,,,,,,,,,,,,,,,,,,,,,,,,,,,,,,,,
28-04-2021,13,26.85,145,10566,0,69.91,8,45249,3012,60.65,77279,461517,3645,73.61,379308,1552117,,,,,,,,,,,,,,,,,,,,,,,,,,,,,,,,,,,,,,,,,,,,,,,,,,,,
29-04-2021,7,26.85,206,10994,0,69.91,45,53975,3032,60.65,68614,479526,3498,73.61,386555,1461091,,,,,,,,,,,,,,,,,,,,,,,,,,,,,,,,,,,,,,,,,,,,,,,,,,,,
30-04-2021,7,26.85,169,10994,0,69.91,18,47688,2861,60.65,72008,416127,3523,73.61,401993,1484158,,,,,,,,,,,,,,,,,,,,,,,,,,,,,,,,,,,,,,,,,,,,,,,,,,,,
01-05-2021,6,26.85,194,10994,0,69.91,14,44638,2240,60.65,58292,407125,3689,73.61,392488,1419649,,,,,,,,,,,,,,,,,,,,,,,,,,,,,,,,,,,,,,,,,,,,,,,,,,,,
02-05-2021,6,26.85,183,10994,0,69.91,20,46088,1266,60.65,29288,406130,3417,73.61,368060,1272735,,,,,,,,,,,,,,,,,,,,,,,,,,,,,,,,,,,,,,,,,,,,,,,,,,,,
03-05-2021,5,26.85,178,10994,0,69.91,23,39904,1125,56.94,38989,391909,3449,73.61,357316,1115775,,,,,,,,,,,,,,,,,,,,,,,,,,,,,,,,,,,,,,,,,,,,,,,,,,,,
04-05-2021,6,26.85,263,10994,0,69.91,10,38107,2979,56.94,69535,374321,3780,73.61,382146,1052090,,,,,,,,,,,,,,,,,,,,,,,,,,,,,,,,,,,,,,,,,,,,,,,,,,,,
05-05-2021,6,26.85,234,10994,0,69.91,35,35760,2771,56.94,76372,391674,3980,73.61,412431,1027495,,,,,,,,,,,,,,,,,,,,,,,,,,,,,,,,,,,,,,,,,,,,,,,,,,,,
06-05-2021,10,26.85,365,10994,0,69.91,60,34485,2536,56.94,72290,432500,3915,73.61,414188,1035283,,,,,,,,,,,,,,,,,,,,,,,,,,,,,,,,,,,,,,,,,,,,,,,,,,,,
07-05-2021,9,26.85,293,10994,0,69.91,47,41729,2186,56.94,76844,473108,4187,73.61,401078,988268,,,,,,,,,,,,,,,,,,,,,,,,,,,,,,,,,,,,,,,,,,,,,,,,,,,,
08-05-2021,10,26.85,300,10994,0,69.91,108,45886,2082,56.94,61761,488930,4077,73.61,403405,1005359,,,,,,,,,,,,,,,,,,,,,,,,,,,,,,,,,,,,,,,,,,,,,,,,,,,,
09-05-2021,3,26.85,87,10994,0,69.91,167,45609,922,56.94,32720,490522,3769,73.61,366494,1021504,,,,,,,,,,,,,,,,,,,,,,,,,,,,,,,,,,,,,,,,,,,,,,,,,,,,
10-05-2021,12,26.85,221,10994,0,69.91,77,47221,1111,56.94,36301,511558,3876,81.94,329942,1070763,,,,,,,,,,,,,,,,,,,,,,,,,,,,,,,,,,,,,,,,,,,,,,,,,,,,
11-05-2021,12,26.85,340,10994,0,71.76,82,43167,2245,56.94,70106,518191,4205,81.94,348421,1132775,,,,,,,,,,,,,,,,,,,,,,,,,,,,,,,,,,,,,,,,,,,,,,,,,,,,
12-05-2021,3,26.85,315,9764,0,71.76,87,33152,2581,56.94,76248,534798,4120,81.94,362727,1153515,,,,,,,,,,,,,,,,,,,,,,,,,,,,,,,,,,,,,,,,,,,,,,,,,,,,
13-05-2021,8,26.85,327,8534,0,71.76,82,25787,2277,56.94,80030,499614,4000,81.94,343144,1146957,,,,,,,,,,,,,,,,,,,,,,,,,,,,,,,,,,,,,,,,,,,,,,,,,,,,
14-05-2021,9,26.85,310,7304,0,71.76,76,20957,2187,56.94,77914,473137,3890,81.94,326098,1080948,,,,,,,,,,,,,,,,,,,,,,,,,,,,,,,,,,,,,,,,,,,,,,,,,,,,
15-05-2021,3,26.85,57,6074,1,71.76,296,17412,2001,60.65,67351,473892,4077,81.94,311170,1109376,,,,,,,,,,,,,,,,,,,,,,,,,,,,,,,,,,,,,,,,,,,,,,,,,,,,
16-05-2021,9,26.85,72,4844,1,71.76,100,15023,1061,60.65,37564,490665,4106,81.94,281386,1129951,,,,,,,,,,,,,,,,,,,,,,,,,,,,,,,,,,,,,,,,,,,,,,,,,,,,
17-05-2021,3,26.85,114,3615,0,71.76,147,14286,1085,60.65,35598,479722,4329,81.94,263533,1128315,,,,,,,,,,,,,,,,,,,,,,,,,,,,,,,,,,,,,,,,,,,,,,,,,,,,
18-05-2021,6,26.85,221,2385,0,77.31,153,13548,2451,60.65,74805,481202,4529,81.94,267334,1101836,,,,,,,,,,,,,,,,,,,,,,,,,,,,,,,,,,,,,,,,,,,,,,,,,,,,
19-05-2021,11,26.85,303,2385,0,77.31,208,11223,2500,60.65,80263,457378,3874,81.94,276110,1075480,,,,,,,,,,,,,,,,,,,,,,,,,,,,,,,,,,,,,,,,,,,,,,,,,,,,
20-05-2021,10,26.85,453,2385,2,77.31,89,8897,2511,60.65,83387,474462,4209,81.94,259551,1076723,,,,,,,,,,,,,,,,,,,,,,,,,,,,,,,,,,,,,,,,,,,,,,,,,,,,
21-05-2021,10,26.85,505,2259,2,77.31,132,6572,2126,60.65,76631,476933,4194,81.94,257299,1151525,,,,,,,,,,,,,,,,,,,,,,,,,,,,,,,,,,,,,,,,,,,,,,,,,,,,
22-05-2021,10,26.85,406,2134,1,77.31,178,6311,1726,60.65,67896,473054,3741,81.94,240842,1155358,,,,,,,,,,,,,,,,,,,,,,,,,,,,,,,,,,,,,,,,,,,,,,,,,,,,
23-05-2021,10,54.63,242,2008,1,77.31,156,6260,889,60.65,38495,531689,4454,81.94,222315,1181265,,,,,,,,,,,,,,,,,,,,,,,,,,,,,,,,,,,,,,,,,,,,,,,,,,,,
24-05-2021,10,54.63,547,1883,1,77.31,129,4670,862,60.65,37480,531970,3511,81.94,196427,1315898,,,,,,,,,,,,,,,,,,,,,,,,,,,,,,,,,,,,,,,,,,,,,,,,,,,,
25-05-2021,24,54.63,628,1757,0,77.31,527,3080,2184,60.65,74041,519144,4157,81.94,208921,1320168,,,,,,,,,,,,,,,,,,,,,,,,,,,,,,,,,,,,,,,,,,,,,,,,,,,,
26-05-2021,19,54.63,840,1631,1,77.31,155,2761,2463,60.65,80245,515648,3847,81.94,211298,1550862,,,,,,,,,,,,,,,,,,,,,,,,,,,,,,,,,,,,,,,,,,,,,,,,,,,,
27-05-2021,14,54.63,623,1319,1,77.31,270,4058,2101,66.2,64531,491577,3660,81.94,186364,1736993,,,,,,,,,,,,,,,,,,,,,,,,,,,,,,,,,,,,,,,,,,,,,,,,,,,,
28-05-2021,12,54.63,764,1135,1,77.31,40,5355,2426,66.2,53888,517908,3617,81.94,173790,1811918,,,,,,,,,,,,,,,,,,,,,,,,,,,,,,,,,,,,,,,,,,,,,,,,,,,,
29-05-2021,18,36.11,981,951,0,77.31,512,6652,1941,66.2,75863,531810,3460,81.94,165553,2134155,,,,,,,,,,,,,,,,,,,,,,,,,,,,,,,,,,,,,,,,,,,,,,,,,,,,
30-05-2021,20,36.11,650,766,0,77.31,199,8268,913,66.2,41449,458632,3128,81.94,152734,2223546,,,,,,,,,,,,,,,,,,,,,,,,,,,,,,,,,,,,,,,,,,,,,,,,,,,,
31-05-2021,25,41.67,1077,621,0,77.31,325,9885,966,66.2,36607,474301,2795,81.94,127510,2127083,,,,,,,,,,,,,,,,,,,,,,,,,,,,,,,,,,,,,,,,,,,,,,,,,,,,
01-06-2021,29,41.67,1139,476,1,77.31,193,10159,2334,66.2,78913,486671,3207,81.94,132788,2296257,,,,,,,,,,,,,,,,,,,,,,,,,,,,,,,,,,,,,,,,,,,,,,,,,,,,
02-06-2021,34,41.67,1049,331,1,77.31,245,10433,2508,66.2,96278,543837,2887,81.94,134154,2239598,,,,,,,,,,,,,,,,,,,,,,,,,,,,,,,,,,,,,,,,,,,,,,,,,,,,
03-06-2021,27,41.67,1093,318,0,77.31,193,15069,1914,66.2,76067,541529,2713,81.94,132364,2216187,,,,,,,,,,,,,,,,,,,,,,,,,,,,,,,,,,,,,,,,,,,,,,,,,,,,
04-06-2021,34,41.67,1509,320,2,77.31,301,21866,1191,66.2,43171,525643,3380,81.94,120529,2652484,,,,,,,,,,,,,,,,,,,,,,,,,,,,,,,,,,,,,,,,,,,,,,,,,,,,
05-06-2021,36,41.67,1335,322,2,77.31,216,23487,1670,66.2,61667,555248,2677,81.94,114460,2401914,,,,,,,,,,,,,,,,,,,,,,,,,,,,,,,,,,,,,,,,,,,,,,,,,,,,
06-06-2021,41,41.67,1261,324,0,77.31,211,22362,880,66.2,40343,571506,2427,81.94,100636,2525384,,,,,,,,,,,,,,,,,,,,,,,,,,,,,,,,,,,,,,,,,,,,,,,,,,,,
07-06-2021,42,41.67,1617,287,0,77.31,236,32919,1149,60.65,39716,578991,2123,81.94,86498,2615785,,,,,,,,,,,,,,,,,,,,,,,,,,,,,,,,,,,,,,,,,,,,,,,,,,,,
08-06-2021,64,41.67,1485,250,2,77.31,195,33932,2648,60.65,55713,652846,2219,81.94,92596,2682673,,,,,,,,,,,,,,,,,,,,,,,,,,,,,,,,,,,,,,,,,,,,,,,,,,,,
09-06-2021,54,41.67,1724,223,0,77.31,413,37682,2392,60.65,84867,673642,2177,81.94,93463,2765079,,,,,,,,,,,,,,,,,,,,,,,,,,,,,,,,,,,,,,,,,,,,,,,,,,,,
10-06-2021,51,41.67,1842,250,0,77.31,200,33860,2505,60.65,91244,750880,3000,81.94,92291,2861297,,,,,,,,,,,,,,,,,,,,,,,,,,,,,,,,,,,,,,,,,,,,,,,,,,,,
11-06-2021,56,41.67,1824,259,2,77.31,213,29627,2177,60.65,86312,817405,4002,81.94,84332,2606101,,,,,,,,,,,,,,,,,,,,,,,,,,,,,,,,,,,,,,,,,,,,,,,,,,,,
12-06-2021,37,43.52,1024,269,1,77.31,289,27166,1974,60.65,73773,828704,3303,81.94,80834,2669027,,,,,,,,,,,,,,,,,,,,,,,,,,,,,,,,,,,,,,,,,,,,,,,,,,,,
13-06-2021,78,43.52,1121,278,1,77.31,293,32592,1120,60.65,36984,847396,3921,81.94,70421,2756733,,,,,,,,,,,,,,,,,,,,,,,,,,,,,,,,,,,,,,,,,,,,,,,,,,,,
14-06-2021,85,46.3,1597,288,0,77.31,251,27302,1020,60.65,42692,896611,2726,81.94,60471,2867067,,,,,,,,,,,,,,,,,,,,,,,,,,,,,,,,,,,,,,,,,,,,,,,,,,,,
15-06-2021,71,46.3,1814,1994,2,77.31,423,38814,2685,60.65,87141,915405,2542,81.94,62224,2781011,,,,,,,,,,,,,,,,,,,,,,,,,,,,,,,,,,,,,,,,,,,,,,,,,,,,
16-06-2021,0,46.3,16,3691,0,77.31,490,51181,2702,60.65,86528,928709,2330,81.94,67208,2745796,,,,,,,,,,,,,,,,,,,,,,,,,,,,,,,,,,,,,,,,,,,,,,,,,,,,
17-06-2021,159,46.3,3243,5387,0,77.31,356,77100,2314,60.65,76492,1087097,1587,81.94,62480,2889599,,,,,,,,,,,,,,,,,,,,,,,,,,,,,,,,,,,,,,,,,,,,,,,,,,,,
18-06-2021,92,46.3,2203,7084,1,77.31,358,104965,2476,60.65,95444,1157160,1647,81.94,60753,2875334,,,,,,,,,,,,,,,,,,,,,,,,,,,,,,,,,,,,,,,,,,,,,,,,,,,,
19-06-2021,96,46.3,1787,8781,2,77.31,470,120604,2205,60.65,77934,1195259,1571,81.94,58226,3119709,,,,,,,,,,,,,,,,,,,,,,,,,,,,,,,,,,,,,,,,,,,,,,,,,,,,
20-06-2021,92,46.3,1385,10477,2,77.31,280,122557,1031,60.65,44587,1211724,1427,81.94,53449,3138350,,,,,,,,,,,,,,,,,,,,,,,,,,,,,,,,,,,,,,,,,,,,,,,,,,,,
21-06-2021,93,46.3,1996,12174,3,77.31,272,125013,981,60.65,45410,1252063,1167,81.94,42640,3881967,,,,,,,,,,,,,,,,,,,,,,,,,,,,,,,,,,,,,,,,,,,,,,,,,,,,
22-06-2021,78,46.3,1847,12174,0,75.46,252,121554,2103,60.65,124248,1254034,1358,81.94,50848,4393602,,,,,,,,,,,,,,,,,,,,,,,,,,,,,,,,,,,,,,,,,,,,,,,,,,,,
23-06-2021,73,46.3,2208,12358,1,75.46,207,112526,2265,60.65,77396,1260346,1321,81.94,54069,4468224,,,,,,,,,,,,,,,,,,,,,,,,,,,,,,,,,,,,,,,,,,,,,,,,,,,,
24-06-2021,86,46.3,1575,12542,2,75.46,334,125129,2038,60.65,76624,1132317,1329,81.94,51667,4728429,,,,,,,,,,,,,,,,,,,,,,,,,,,,,,,,,,,,,,,,,,,,,,,,,,,,
25-06-2021,67,46.3,2060,12726,2,75.46,214,115702,2008,60.65,75061,1083392,1183,81.94,48698,5116702,,,,,,,,,,,,,,,,,,,,,,,,,,,,,,,,,,,,,,,,,,,,,,,,,,,,
26-06-2021,75,46.3,1532,12909,0,75.46,788,128526,1517,60.65,60665,1061601,1258,81.94,50040,5537132,,,,,,,,,,,,,,,,,,,,,,,,,,,,,,,,,,,,,,,,,,,,,,,,,,,,
27-06-2021,56,46.3,1096,13093,2,75.46,415,132644,721,60.65,31980,1031384,979,81.94,46148,5482147,,,,,,,,,,,,,,,,,,,,,,,,,,,,,,,,,,,,,,,,,,,,,,,,,,,,
28-06-2021,80,46.3,1531,13724,2,75.46,396,136568,714,60.65,32059,986142,907,81.94,37566,4685851,,,,,,,,,,,,,,,,,,,,,,,,,,,,,,,,,,,,,,,,,,,,,,,,,,,,
29-06-2021,64,46.3,1407,14355,2,75.46,371,139454,1938,60.65,65956,1036432,817,81.94,45951,4513116,,,,,,,,,,,,,,,,,,,,,,,,,,,,,,,,,,,,,,,,,,,,,,,,,,,,
30-06-2021,77,46.3,1501,14802,1,75.46,545,156469,2064,60.65,47143,1029481,1005,81.94,48786,4241358,,,,,,,,,,,,,,,,,,,,,,,,,,,,,,,,,,,,,,,,,,,,,,,,,,,,
01-07-2021,91,46.3,1557,13654,0,75.46,675,118948,1932,60.65,61130,1024475,853,81.94,46617,4005841,,,,,,,,,,,,,,,,,,,,,,,,,,,,,,,,,,,,,,,,,,,,,,,,,,,,
02-07-2021,86,46.3,1940,12507,3,75.46,394,98711,1876,60.65,63572,1030964,738,81.94,44111,3282729,,,,,,,,,,,,,,,,,,,,,,,,,,,,,,,,,,,,,,,,,,,,,,,,,,,,
03-07-2021,59,46.3,1329,11360,0,75.46,1189,72152,1636,60.65,53733,1017127,955,81.94,43071,3139740,,,,,,,,,,,,,,,,,,,,,,,,,,,,,,,,,,,,,,,,,,,,,,,,,,,,
04-07-2021,92,46.3,1263,10212,2,75.46,951,62578,771,60.65,25462,1027672,723,81.94,39796,3076993,,,,,,,,,,,,,,,,,,,,,,,,,,,,,,,,,,,,,,,,,,,,,,,,,,,,
05-07-2021,84,46.3,1189,8618,4,75.46,1051,50305,789,60.65,27935,1072948,553,81.94,34703,3029427,,,,,,,,,,,,,,,,,,,,,,,,,,,,,,,,,,,,,,,,,,,,,,,,,,,,
06-07-2021,77,56.02,1527,6881,7,75.46,1029,40135,1759,60.65,61683,1029905,930,81.94,43733,2657794,,,,,,,,,,,,,,,,,,,,,,,,,,,,,,,,,,,,,,,,,,,,,,,,,,,,
07-07-2021,55,56.02,1557,5145,5,75.46,1044,19301,1585,56.94,54167,1078903,817,81.94,45892,2824962,,,,,,,,,,,,,,,,,,,,,,,,,,,,,,,,,,,,,,,,,,,,,,,,,,,,
08-07-2021,62,56.02,1092,4645,2,75.46,1425,17787,1727,56.94,54147,1094851,911,81.94,43393,3283690,,,,,,,,,,,,,,,,,,,,,,,,,,,,,,,,,,,,,,,,,,,,,,,,,,,,
09-07-2021,84,56.02,1473,4145,6,79.17,1798,17753,1472,56.94,58452,1082849,1206,81.94,42766,3512314,,,,,,,,,,,,,,,,,,,,,,,,,,,,,,,,,,,,,,,,,,,,,,,,,,,,
10-07-2021,77,56.02,1191,3645,2,79.17,1862,17224,1158,56.94,44121,1101724,895,81.94,41506,2991448,,,,,,,,,,,,,,,,,,,,,,,,,,,,,,,,,,,,,,,,,,,,,,,,,,,,
11-07-2021,86,56.02,801,3145,7,79.17,2008,15231,565,56.94,19147,1108503,724,81.94,37154,2794798,,,,,,,,,,,,,,,,,,,,,,,,,,,,,,,,,,,,,,,,,,,,,,,,,,,,
12-07-2021,67,56.02,1075,2468,6,79.17,2187,15323,782,56.94,19233,1061304,2020,81.94,32906,2837289,,,,,,,,,,,,,,,,,,,,,,,,,,,,,,,,,,,,,,,,,,,,,,,,,,,,
13-07-2021,58,56.02,1236,1933,7,79.17,2744,14679,1659,56.94,48566,1033248,622,81.94,38865,3229283,,,,,,,,,,,,,,,,,,,,,,,,,,,,,,,,,,,,,,,,,,,,,,,,,,,,
14-07-2021,74,56.02,754,1399,6,79.17,2830,20136,1536,56.94,56097,971400,583,81.94,41733,3192106,,,,,,,,,,,,,,,,,,,,,,,,,,,,,,,,,,,,,,,,,,,,,,,,,,,,
15-07-2021,60,56.02,1210,1222,69,79.17,4049,22383,1609,56.94,54398,970699,542,81.94,38949,2491039,,,,,,,,,,,,,,,,,,,,,,,,,,,,,,,,,,,,,,,,,,,,,,,,,,,,
16-07-2021,89,56.02,1198,1044,18,79.17,4004,26172,1389,56.94,42915,939028,560,81.94,38079,2534289,,,,,,,,,,,,,,,,,,,,,,,,,,,,,,,,,,,,,,,,,,,,,,,,,,,,
17-07-2021,26,56.02,1173,867,0,79.17,4710,26697,1271,56.94,49030,930260,518,81.94,41157,2674609,,,,,,,,,,,,,,,,,,,,,,,,,,,,,,,,,,,,,,,,,,,,,,,,,,,,
18-07-2021,49,56.02,378,690,29,79.17,4843,29042,481,56.94,16747,908336,499,81.94,38164,2874917,,,,,,,,,,,,,,,,,,,,,,,,,,,,,,,,,,,,,,,,,,,,,,,,,,,,
19-07-2021,66,56.02,897,690,80,79.17,4335,30315,668,56.94,16756,931739,374,81.94,30093,2825715,,,,,,,,,,,,,,,,,,,,,,,,,,,,,,,,,,,,,,,,,,,,,,,,,,,,
20-07-2021,53,56.02,915,690,0,79.17,5427,31997,1379,56.94,31149,959447,3998,81.94,42015,2475525,,,,,,,,,,,,,,,,,,,,,,,,,,,,,,,,,,,,,,,,,,,,,,,,,,,,
21-07-2021,27,56.02,348,690,36,79.17,5537,26141,1400,56.94,55836,979315,507,78.24,41383,2389959,,,,,,,,,,,,,,,,,,,,,,,,,,,,,,,,,,,,,,,,,,,,,,,,,,,,
22-07-2021,32,56.02,421,690,0,79.17,7125,26593,1431,56.94,48681,954997,483,78.24,35342,2546995,,,,,,,,,,,,,,,,,,,,,,,,,,,,,,,,,,,,,,,,,,,,,,,,,,,,
23-07-2021,32,56.02,256,690,0,79.17,8688,27062,1291,56.94,107120,996207,546,78.24,39097,2593513,,,,,,,,,,,,,,,,,,,,,,,,,,,,,,,,,,,,,,,,,,,,,,,,,,,,
24-07-2021,36,56.02,227,690,0,79.17,7956,29591,1081,56.94,34648,993944,535,78.24,39742,2641990,,,,,,,,,,,,,,,,,,,,,,,,,,,,,,,,,,,,,,,,,,,,,,,,,,,,
25-07-2021,32,56.02,205,690,0,79.17,6260,35171,479,56.94,18256,997139,416,78.24,39361,2522776,,,,,,,,,,,,,,,,,,,,,,,,,,,,,,,,,,,,,,,,,,,,,,,,,,,,
26-07-2021,52,52.31,414,690,154,79.17,5174,46837,625,56.94,21442,962294,415,74.54,29689,2874767,,,,,,,,,,,,,,,,,,,,,,,,,,,,,,,,,,,,,,,,,,,,,,,,,,,,
27-07-2021,38,52.31,723,690,0,79.17,10774,77597,1289,56.94,43591,918030,640,74.54,43654,2943978,,,,,,,,,,,,,,,,,,,,,,,,,,,,,,,,,,,,,,,,,,,,,,,,,,,,
28-07-2021,62,52.31,544,690,106,79.17,6519,111746,1373,56.94,47049,890106,640,74.54,43509,3183723,,,,,,,,,,,,,,,,,,,,,,,,,,,,,,,,,,,,,,,,,,,,,,,,,,,,
29-07-2021,38,52.31,444,690,392,79.17,9765,129485,1341,56.94,41321,847813,555,74.54,44230,3170798,,,,,,,,,,,,,,,,,,,,,,,,,,,,,,,,,,,,,,,,,,,,,,,,,,,,
30-07-2021,62,52.31,527,690,139,79.17,7717,173904,885,56.94,40378,823523,593,74.54,41649,3285785,,,,,,,,,,,,,,,,,,,,,,,,,,,,,,,,,,,,,,,,,,,,,,,,,,,,
31-07-2021,31,52.31,631,690,145,79.17,8938,202838,949,56.94,35088,813118,541,74.54,41831,3359965,,,,,,,,,,,,,,,,,,,,,,,,,,,,,,,,,,,,,,,,,,,,,,,,,,,,
01-08-2021,29,52.31,347,690,0,79.17,7447,218932,415,56.94,20353,811726,422,74.54,40134,3741697,,,,,,,,,,,,,,,,,,,,,,,,,,,,,,,,,,,,,,,,,,,,,,,,,,,,
02-08-2021,37,52.31,484,690,0,79.17,0,274680,544,56.94,18875,773130,422,74.54,30549,3789492,,,,,,,,,,,,,,,,,,,,,,,,,,,,,,,,,,,,,,,,,,,,,,,,,,,,
03-08-2021,30,52.31,587,690,765,79.17,16954,283591,1237,51.39,32496,801414,562,74.54,42625,4109505,,,,,,,,,,,,,,,,,,,,,,,,,,,,,,,,,,,,,,,,,,,,,,,,,,,,
04-08-2021,32,52.31,361,690,256,79.17,7295,278446,1072,51.39,40537,874732,533,74.54,42982,4083001,,,,,,,,,,,,,,,,,,,,,,,,,,,,,,,,,,,,,,,,,,,,,,,,,,,,
05-08-2021,28,52.31,428,690,393,79.17,7310,322514,1126,51.39,39484,911755,464,74.54,44643,4212902,,,,,,,,,,,,,,,,,,,,,,,,,,,,,,,,,,,,,,,,,,,,,,,,,,,,
06-08-2021,15,52.31,449,690,296,79.17,4315,331780,959,51.39,42671,909178,617,74.54,38628,4317321,,,,,,,,,,,,,,,,,,,,,,,,,,,,,,,,,,,,,,,,,,,,,,,,,,,,
07-08-2021,18,52.31,430,690,234,79.17,12275,346414,999,51.39,39533,894162,491,74.54,39070,4352957,,,,,,,,,,,,,,,,,,,,,,,,,,,,,,,,,,,,,,,,,,,,,,,,,,,,
08-08-2021,11,52.31,218,690,147,79.17,9904,386265,389,51.39,13894,896296,447,74.54,35499,3953287,,,,,,,,,,,,,,,,,,,,,,,,,,,,,,,,,,,,,,,,,,,,,,,,,,,,
09-08-2021,28,52.31,320,690,360,79.17,9334,391138,508,51.39,15542,934556,373,74.54,28204,3873638,,,,,,,,,,,,,,,,,,,,,,,,,,,,,,,,,,,,,,,,,,,,,,,,,,,,
10-08-2021,25,52.31,235,690,388,79.17,8043,536898,1268,51.39,35462,963277,497,74.54,38353,3643642,,,,,,,,,,,,,,,,,,,,,,,,,,,,,,,,,,,,,,,,,,,,,,,,,,,,
11-08-2021,17,52.31,278,690,342,79.17,8606,604541,1045,51.39,35443,941864,490,74.54,41195,3693436,,,,,,,,,,,,,,,,,,,,,,,,,,,,,,,,,,,,,,,,,,,,,,,,,,,,
12-08-2021,10,52.31,272,690,326,79.17,5025,689075,1016,51.39,35858,1005004,585,74.54,40120,3754596,,,,,,,,,,,,,,,,,,,,,,,,,,,,,,,,,,,,,,,,,,,,,,,,,,,,
13-08-2021,12,52.31,207,690,275,79.17,9180,690858,892,51.39,32995,1047596,478,74.54,38667,3829222,,,,,,,,,,,,,,,,,,,,,,,,,,,,,,,,,,,,,,,,,,,,,,,,,,,,
14-08-2021,10,52.31,171,690,349,79.17,9716,724312,912,51.39,29302,1112784,493,74.54,36083,4028179,,,,,,,,,,,,,,,,,,,,,,,,,,,,,,,,,,,,,,,,,,,,,,,,,,,,
15-08-2021,11,22.22,92,690,337,79.17,9580,689632,389,51.39,13767,1133990,417,69.64,32937,4280142,,,,,,,,,,,,,,,,,,,,,,,,,,,,,,,,,,,,,,,,,,,,,,,,,,,,
16-08-2021,4,22.22,109,690,367,79.17,8652,697918,414,51.39,18190,1172847,437,69.64,25166,4074816,,,,,,,,,,,,,,,,,,,,,,,,,,,,,,,,,,,,,,,,,,,,,,,,,,,,
17-08-2021,6,22.22,101,690,331,72.69,9605,532383,1094,51.39,39006,1237295,440,69.62,35178,4265555,,,,,,,,,,,,,,,,,,,,,,,,,,,,,,,,,,,,,,,,,,,,,,,,,,,,
18-08-2021,12,22.22,120,690,298,72.69,8800,479107,990,51.39,40171,1203909,530,69.61,36401,4388323,,,,,,,,,,,,,,,,,,,,,,,,,,,,,,,,,,,,,,,,,,,,,,,,,,,,
19-08-2021,4,22.22,48,690,380,72.69,10510,372173,1023,51.39,36013,1197177,540,69.6,36571,4171832,,,,,,,,,,,,,,,,,,,,,,,,,,,,,,,,,,,,,,,,,,,,,,,,,,,,
20-08-2021,7,22.22,37,690,390,72.69,10657,326665,894,51.39,34213,1172732,375,69.58,34457,4179441,,,,,,,,,,,,,,,,,,,,,,,,,,,,,,,,,,,,,,,,,,,,,,,,,,,,
21-08-2021,11,22.22,49,624,0,72.69,13439,313758,611,51.39,25322,1148006,403,69.57,30948,3673926,,,,,,,,,,,,,,,,,,,,,,,,,,,,,,,,,,,,,,,,,,,,,,,,,,,,
22-08-2021,5,22.22,14,557,737,72.69,11352,320398,333,51.39,13945,1156612,389,69.56,25072,3651182,,,,,,,,,,,,,,,,,,,,,,,,,,,,,,,,,,,,,,,,,,,,,,,,,,,,
23-08-2021,6,22.22,72,490,389,72.69,10397,265045,417,51.39,15654,1167533,354,69.55,25467,3360829,,,,,,,,,,,,,,,,,,,,,,,,,,,,,,,,,,,,,,,,,,,,,,,,,,,,
24-08-2021,7,22.22,77,424,348,72.69,10811,289111,859,51.39,31809,1103706,648,69.54,37593,3346521,,,,,,,,,,,,,,,,,,,,,,,,,,,,,,,,,,,,,,,,,,,,,,,,,,,,
25-08-2021,7,22.22,62,357,335,72.69,12096,288970,887,51.39,29979,1115804,607,69.51,46164,3663250,,,,,,,,,,,,,,,,,,,,,,,,,,,,,,,,,,,,,,,,,,,,,,,,,,,,
26-08-2021,3,22.22,100,290,318,72.69,11575,276881,871,51.39,30923,965317,496,69.5,44658,3859226,,,,,,,,,,,,,,,,,,,,,,,,,,,,,,,,,,,,,,,,,,,,,,,,,,,,
27-08-2021,8,22.22,138,224,386,72.69,17428,290727,818,51.39,27756,936539,509,69.46,46759,4279553,,,,,,,,,,,,,,,,,,,,,,,,,,,,,,,,,,,,,,,,,,,,,,,,,,,,
28-08-2021,2,22.22,47,224,352,72.69,12103,246463,629,51.39,22947,920070,460,69.44,45083,5031396,,,,,,,,,,,,,,,,,,,,,,,,,,,,,,,,,,,,,,,,,,,,,,,,,,,,
29-08-2021,6,22.22,26,224,344,72.69,12796,236562,278,51.39,11263,906628,380,69.41,42909,5280964,,,,,,,,,,,,,,,,,,,,,,,,,,,,,,,,,,,,,,,,,,,,,,,,,,,,
30-08-2021,7,18.52,115,224,315,74.54,14224,231785,318,51.39,12801,845410,350,69.4,30941,5838517,,,,,,,,,,,,,,,,,,,,,,,,,,,,,,,,,,,,,,,,,,,,,,,,,,,,
31-08-2021,2,18.52,72,224,0,74.54,12607,203942,881,51.39,26846,837021,460,69.38,41965,5731637,,,,,,,,,,,,,,,,,,,,,,,,,,,,,,,,,,,,,,,,,,,,,,,,,,,,
01-09-2021,5,18.52,40,456,804,74.54,11434,182588,697,56.98,25748,796839,509,69.34,47092,6618112,,,,,,,,,,,,,,,,,,,,,,,,,,,,,,,,,,,,,,,,,,,,,,,,,,,,
02-09-2021,4,18.52,46,689,270,74.54,13197,180624,782,56.93,27023,854225,366,69.32,45352,6785334,,,,,,,,,,,,,,,,,,,,,,,,,,,,,,,,,,,,,,,,,,,,,,,,,,,,
03-09-2021,0,18.52,69,922,308,74.54,14922,168009,740,56.88,23604,816163,330,69.3,42618,6229826,,,,,,,,,,,,,,,,,,,,,,,,,,,,,,,,,,,,,,,,,,,,,,,,,,,,
04-09-2021,1,18.52,20,1155,347,74.54,9521,178107,638,56.85,20325,775814,308,69.29,42766,5357602,,,,,,,,,,,,,,,,,,,,,,,,,,,,,,,,,,,,,,,,,,,,,,,,,,,,
05-09-2021,4,18.52,28,1388,281,74.54,13137,212455,271,56.84,12661,751921,219,69.27,38948,5309393,,,,,,,,,,,,,,,,,,,,,,,,,,,,,,,,,,,,,,,,,,,,,,,,,,,,
06-09-2021,9,18.52,111,1620,311,74.54,12481,269100,220,56.81,10172,744054,290,69.26,31222,4969300,,,,,,,,,,,,,,,,,,,,,,,,,,,,,,,,,,,,,,,,,,,,,,,,,,,,
07-09-2021,3,18.52,92,1853,316,74.54,14208,332202,327,56.79,13604,584538,369,69.23,37875,5571703,,,,,,,,,,,,,,,,,,,,,,,,,,,,,,,,,,,,,,,,,,,,,,,,,,,,
08-09-2021,7,18.52,110,1853,434,72.69,12680,418662,249,56.75,14182,536184,338,63.64,43263,4827757,,,,,,,,,,,,,,,,,,,,,,,,,,,,,,,,,,,,,,,,,,,,,,,,,,,,
09-09-2021,6,18.52,104,1853,335,72.69,12420,512392,824,56.68,32823,524006,260,63.61,34973,5009528,,,,,,,,,,,,,,,,,,,,,,,,,,,,,,,,,,,,,,,,,,,,,,,,,,,,
10-09-2021,7,18.52,122,1853,275,72.69,13321,624153,636,56.62,16455,532747,308,63.6,33376,4756696,,,,,,,,,,,,,,,,,,,,,,,,,,,,,,,,,,,,,,,,,,,,,,,,,,,,
11-09-2021,3,18.52,20,1853,273,72.69,11932,701490,669,56.58,13762,536950,338,63.57,28591,5424100,,,,,,,,,,,,,,,,,,,,,,,,,,,,,,,,,,,,,,,,,,,,,,,,,,,,
12-09-2021,0,18.52,8,1853,261,72.69,12026,754415,299,56.57,7861,539028,219,63.55,27254,5431130,,,,,,,,,,,,,,,,,,,,,,,,,,,,,,,,,,,,,,,,,,,,,,,,,,,,
13-09-2021,2,18.52,104,1853,381,72.69,11172,785183,284,56.52,8648,492604,339,63.51,25404,6026337,,,,,,,,,,,,,,,,,,,,,,,,,,,,,,,,,,,,,,,,,,,,,,,,,,,,
14-09-2021,2,18.52,86,1853,276,72.69,10508,801562,678,56.46,13571,554517,284,63.5,27176,5094044,,,,,,,,,,,,,,,,,,,,,,,,,,,,,,,,,,,,,,,,,,,,,,,,,,,,
15-09-2021,3,18.52,103,1853,250,72.69,10585,816607,801,56.41,13276,562979,431,63.47,30570,4770547,,,,,,,,,,,,,,,,,,,,,,,,,,,,,,,,,,,,,,,,,,,,,,,,,,,,
16-09-2021,9,42.59,78,1853,239,72.69,10489,766115,663,56.37,35447,524624,320,63.43,34403,4592492,,,,,,,,,,,,,,,,,,,,,,,,,,,,,,,,,,,,,,,,,,,,,,,,,,,,
17-09-2021,3,42.59,126,1853,212,72.69,11521,691491,638,56.3,35337,516855,281,63.4,35662,4734359,,,,,,,,,,,,,,,,,,,,,,,,,,,,,,,,,,,,,,,,,,,,,,,,,,,,
18-09-2021,0,35.19,0,1853,220,72.69,9373,631486,586,56.27,,510443,309,63.33,30773,5460104,,,,,,,,,,,,,,,,,,,,,,,,,,,,,,,,,,,,,,,,,,,,,,,,,,,,
19-09-2021,0,35.19,0,1853,233,72.69,10040,565612,248,56.26,9175,509892,295,63.3,30256,5552788,,,,,,,,,,,,,,,,,,,,,,,,,,,,,,,,,,,,,,,,,,,,,,,,,,,,
20-09-2021,13,35.19,98,1853,215,72.69,8681,508641,265,56.23,9285,498508,252,63.26,26115,5216655,,,,,,,,,,,,,,,,,,,,,,,,,,,,,,,,,,,,,,,,,,,,,,,,,,,,
21-09-2021,0,35.19,127,1853,240,72.69,11692,475073,673,56.17,15380,481807,383,63.23,26964,5814032,,,,,,,,,,,,,,,,,,,,,,,,,,,,,,,,,,,,,,,,,,,,,,,,,,,,
22-09-2021,0,35.19,45,1853,236,72.69,11527,398113,665,56.12,32583,457914,282,63.21,31923,5543381,,,,,,,,,,,,,,,,,,,,,,,,,,,,,,,,,,,,,,,,,,,,,,,,,,,,
23-09-2021,0,35.19,43,1853,236,72.69,9472,387513,629,56.07,24917,467529,318,63.16,31382,5480992,,,,,,,,,,,,,,,,,,,,,,,,,,,,,,,,,,,,,,,,,,,,,,,,,,,,
24-09-2021,0,35.19,160,1853,203,72.69,8537,402777,680,56.02,18665,427742,290,63.12,29616,5888195,,,,,,,,,,,,,,,,,,,,,,,,,,,,,,,,,,,,,,,,,,,,,,,,,,,,
25-09-2021,0,35.19,0,1853,180,72.69,9706,406213,540,55.99,13863,430739,260,63.1,28326,4624176,,,,,,,,,,,,,,,,,,,,,,,,,,,,,,,,,,,,,,,,,,,,,,,,,,,,
26-09-2021,0,35.19,0,1853,184,72.69,10011,433241,266,55.97,8856,430265,276,63.08,26041,4199267,,,,,,,,,,,,,,,,,,,,,,,,,,,,,,,,,,,,,,,,,,,,,,,,,,,,
27-09-2021,1,35.19,112,1853,174,72.69,9362,458566,194,55.94,9345,421200,179,63.03,18795,4677133,,,,,,,,,,,,,,,,,,,,,,,,,,,,,,,,,,,,,,,,,,,,,,,,,,,,
28-09-2021,1,35.19,21,1853,178,67.13,4589,489423,817,55.89,16884,415634,378,63.01,18870,4212200,,,,,,,,,,,,,,,,,,,,,,,,,,,,,,,,,,,,,,,,,,,,,,,,,,,,
29-09-2021,3,35.19,35,1853,162,67.13,8758,510659,681,55.84,16885,416402,311,62.98,23529,4233341,,,,,,,,,,,,,,,,,,,,,,,,,,,,,,,,,,,,,,,,,,,,,,,,,,,,
30-09-2021,0,35.19,46,1853,203,67.13,11357,505030,608,55.79,21951,415729,277,62.95,26727,3962856,,,,,,,,,,,,,,,,,,,,,,,,,,,,,,,,,,,,,,,,,,,,,,,,,,,,
01-10-2021,2,35.19,17,10165,136,64.35,6957,500670,490,55.73,18062,415248,234,62.92,24354,3631657,,,,,,,,,,,,,,,,,,,,,,,,,,,,,,,,,,,,,,,,,,,,,,,,,,,,
02-10-2021,0,35.19,0,18477,164,64.35,5490,533508,454,55.7,12386,397233,244,62.89,22842,3911681,,,,,,,,,,,,,,,,,,,,,,,,,,,,,,,,,,,,,,,,,,,,,,,,,,,,
03-10-2021,0,35.19,0,26788,114,64.35,5376,525140,226,55.69,9153,387470,180,62.86,20799,4020389,,,,,,,,,,,,,,,,,,,,,,,,,,,,,,,,,,,,,,,,,,,,,,,,,,,,
04-10-2021,6,35.19,96,35100,130,64.35,5383,551089,204,55.66,11518,378311,263,62.84,18346,3280500,,,,,,,,,,,,,,,,,,,,,,,,,,,,,,,,,,,,,,,,,,,,,,,,,,,,
05-10-2021,2,35.19,22,43412,134,64.35,4363,537388,684,55.62,22145,363419,278,62.81,18833,3461757,,,,,,,,,,,,,,,,,,,,,,,,,,,,,,,,,,,,,,,,,,,,,,,,,,,,
06-10-2021,6,35.19,71,51723,119,64.35,4363,539924,570,55.58,18546,346912,318,62.79,22431,3383231,,,,,,,,,,,,,,,,,,,,,,,,,,,,,,,,,,,,,,,,,,,,,,,,,,,,
07-10-2021,1,35.19,49,60035,125,64.35,4150,573899,428,55.53,14616,325509,271,62.77,21257,3130783,,,,,,,,,,,,,,,,,,,,,,,,,,,,,,,,,,,,,,,,,,,,,,,,,,,,
08-10-2021,0,35.19,19,60035,114,64.35,4806,599012,630,55.49,18535,301386,248,62.73,19740,3202444,,,,,,,,,,,,,,,,,,,,,,,,,,,,,,,,,,,,,,,,,,,,,,,,,,,,
09-10-2021,0,35.19,18,60035,105,64.35,4491,579470,416,55.46,14804,287797,214,62.7,18166,3184126,,,,,,,,,,,,,,,,,,,,,,,,,,,,,,,,,,,,,,,,,,,,,,,,,,,,
10-10-2021,4,35.19,42,60035,113,64.35,3528,582277,151,55.44,8412,287909,193,62.66,18132,3393425,,,,,,,,,,,,,,,,,,,,,,,,,,,,,,,,,,,,,,,,,,,,,,,,,,,,
11-10-2021,3,35.19,32,60035,115,64.35,3619,533213,207,55.42,6993,294373,181,62.64,14313,3295832,,,,,,,,,,,,,,,,,,,,,,,,,,,,,,,,,,,,,,,,,,,,,,,,,,,,
12-10-2021,2,35.19,59,60035,93,64.35,2949,557684,175,55.41,7355,252386,226,59.83,15823,3229814,,,,,,,,,,,,,,,,,,,,,,,,,,,,,,,,,,,,,,,,,,,,,,,,,,,,
13-10-2021,4,35.19,28,60035,106,64.35,3461,600909,206,55.38,8372,212667,246,59.81,18987,3141769,,,,,,,,,,,,,,,,,,,,,,,,,,,,,,,,,,,,,,,,,,,,,,,,,,,,
14-10-2021,4,35.19,55,60035,81,64.35,4151,674918,572,55.32,15232,261071,379,59.79,16862,3038611,,,,,,,,,,,,,,,,,,,,,,,,,,,,,,,,,,,,,,,,,,,,,,,,,,,,
15-10-2021,0,35.19,6,60035,93,64.35,3797,745054,507,55.27,14298,286413,166,59.78,15981,2607833,,,,,,,,,,,,,,,,,,,,,,,,,,,,,,,,,,,,,,,,,,,,,,,,,,,,
16-10-2021,0,35.19,51,60035,88,64.35,3221,836925,465,55.23,9761,304629,144,59.77,14146,2106704,,,,,,,,,,,,,,,,,,,,,,,,,,,,,,,,,,,,,,,,,,,,,,,,,,,,
17-10-2021,5,35.19,25,60035,63,64.35,3193,940543,128,55.22,6185,303935,166,59.75,13596,1719715,,,,,,,,,,,,,,,,,,,,,,,,,,,,,,,,,,,,,,,,,,,,,,,,,,,,
18-10-2021,3,36.11,12,60035,75,64.35,3168,1057952,202,45.93,9319,282589,164,59.73,13058,1614490,,,,,,,,,,,,,,,,,,,,,,,,,,,,,,,,,,,,,,,,,,,,,,,,,,,,
19-10-2021,1,36.11,25,60035,75,64.35,3034,1165770,379,45.89,13233,314167,197,59.69,14623,1636196,,,,,,,,,,,,,,,,,,,,,,,,,,,,,,,,,,,,,,,,,,,,,,,,,,,,
20-10-2021,0,36.11,58,60035,72,64.35,3646,1242489,399,45.83,15708,360571,160,59.64,18454,2125417,,,,,,,,,,,,,,,,,,,,,,,,,,,,,,,,,,,,,,,,,,,,,,,,,,,,
21-10-2021,2,36.11,32,60035,71,64.35,3636,1206232,466,45.81,16986,278293,231,59.62,15786,2488175,,,,,,,,,,,,,,,,,,,,,,,,,,,,,,,,,,,,,,,,,,,,,,,,,,,,
22-10-2021,3,36.11,40,60035,56,64.35,3985,1173848,447,45.77,13398,237742,666,59.58,16326,2712636,,,,,,,,,,,,,,,,,,,,,,,,,,,,,,,,,,,,,,,,,,,,,,,,,,,,
23-10-2021,1,36.11,9,60035,77,64.35,3373,1116170,350,45.75,11905,213792,561,59.56,15906,2870289,,,,,,,,,,,,,,,,,,,,,,,,,,,,,,,,,,,,,,,,,,,,,,,,,,,,
24-10-2021,2,25,4,60035,53,64.35,4045,1031820,119,45.73,4536,223722,443,59.52,14306,3162850,,,,,,,,,,,,,,,,,,,,,,,,,,,,,,,,,,,,,,,,,,,,,,,,,,,,
25-10-2021,5,25,96,60035,65,69.91,3639,947448,207,45.66,7827,246100,356,53.95,12428,3115032,,,,,,,,,,,,,,,,,,,,,,,,,,,,,,,,,,,,,,,,,,,,,,,,,,,,
26-10-2021,2,25,31,60035,64,69.91,3595,820132,403,45.62,13345,246764,585,53.91,13451,3001255,,,,,,,,,,,,,,,,,,,,,,,,,,,,,,,,,,,,,,,,,,,,,,,,,,,,
27-10-2021,4,25,53,60035,54,71.76,4411,738351,435,45.57,17124,223981,733,53.87,16156,2511233,,,,,,,,,,,,,,,,,,,,,,,,,,,,,,,,,,,,,,,,,,,,,,,,,,,,
28-10-2021,2,25,42,60035,54,71.76,4892,760533,373,45.53,13686,242327,805,53.84,14348,2297339,,,,,,,,,,,,,,,,,,,,,,,,,,,,,,,,,,,,,,,,,,,,,,,,,,,,
29-10-2021,1,25,30,60035,56,71.76,4899,779855,408,45.49,12681,247560,549,53.78,14313,2399328,,,,,,,,,,,,,,,,,,,,,,,,,,,,,,,,,,,,,,,,,,,,,,,,,,,,
30-10-2021,3,25,14,60035,64,71.76,5227,737241,216,45.48,10012,243962,446,53.74,12830,2532552,,,,,,,,,,,,,,,,,,,,,,,,,,,,,,,,,,,,,,,,,,,,,,,,,,,,
31-10-2021,8,25,40,60035,53,71.76,5519,689709,133,45.47,6130,228975,251,53.72,12514,2266631,,,,,,,,,,,,,,,,,,,,,,,,,,,,,,,,,,,,,,,,,,,,,,,,,,,,
01-11-2021,1,25,34,60035,48,71.76,5598,698287,103,45.46,4626,192879,443,53.69,10423,2448032,,,,,,,,,,,,,,,,,,,,,,,,,,,,,,,,,,,,,,,,,,,,,,,,,,,,
02-11-2021,0,25,23,60035,74,68.06,5637,673022,152,45.45,5918,149757,311,53.68,11903,2185356,,,,,,,,,,,,,,,,,,,,,,,,,,,,,,,,,,,,,,,,,,,,,,,,,,,,
03-11-2021,3,25,16,60035,78,68.06,7106,612411,190,45.43,16310,128810,461,53.64,12885,2153869,,,,,,,,,,,,,,,,,,,,,,,,,,,,,,,,,,,,,,,,,,,,,,,,,,,,
04-11-2021,0,25,40,60035,59,68.06,6580,539559,434,45.39,13247,126392,221,53.63,12729,1960628,,,,,,,,,,,,,,,,,,,,,,,,,,,,,,,,,,,,,,,,,,,,,,,,,,,,
05-11-2021,0,25,29,60035,70,68.06,7504,497682,382,45.33,12998,131570,392,53.63,10929,1484879,,,,,,,,,,,,,,,,,,,,,,,,,,,,,,,,,,,,,,,,,,,,,,,,,,,,
06-11-2021,0,25,5,60035,58,68.06,7491,543035,303,45.31,11173,129386,526,53.61,10826,1222343,,,,,,,,,,,,,,,,,,,,,,,,,,,,,,,,,,,,,,,,,,,,,,,,,,,,
07-11-2021,0,25,0,60035,61,68.06,7646,577691,70,45.3,5661,159818,266,53.59,11478,1095418,,,,,,,,,,,,,,,,,,,,,,,,,,,,,,,,,,,,,,,,,,,,,,,,,,,,
08-11-2021,4,25,0,60035,67,68.06,7988,556238,120,45.26,6881,191502,332,53.56,10126,1024255,,,,,,,,,,,,,,,,,,,,,,,,,,,,,,,,,,,,,,,,,,,,,,,,,,,,
09-11-2021,2,25,0,60035,88,68.06,8133,622481,208,45.22,11810,215930,460,47.98,11466,1076829,,,,,,,,,,,,,,,,,,,,,,,,,,,,,,,,,,,,,,,,,,,,,,,,,,,,
10-11-2021,1,25,17,60035,79,68.06,7930,633848,269,45.19,14980,231494,340,47.94,13091,1013613,,,,,,,,,,,,,,,,,,,,,,,,,,,,,,,,,,,,,,,,,,,,,,,,,,,,
11-11-2021,1,25,42,60035,84,68.06,8162,618067,240,45.14,15538,233531,501,47.9,12516,1073489,,,,,,,,,,,,,,,,,,,,,,,,,,,,,,,,,,,,,,,,,,,,,,,,,,,,
12-11-2021,0,25,31,60035,81,68.06,8982,567594,621,45.11,14599,201321,555,47.84,11850,1369346,,,,,,,,,,,,,,,,,,,,,,,,,,,,,,,,,,,,,,,,,,,,,,,,,,,,
13-11-2021,0,25,23,60035,88,68.06,8467,496669,307,45.09,9358,198610,285,47.79,11271,1587602,,,,,,,,,,,,,,,,,,,,,,,,,,,,,,,,,,,,,,,,,,,,,,,,,,,,
14-11-2021,1,25,42,60035,64,68.06,8176,441637,65,45.08,4302,171516,125,49.82,10229,1635938,,,,,,,,,,,,,,,,,,,,,,,,,,,,,,,,,,,,,,,,,,,,,,,,,,,,
15-11-2021,1,25,58,53494,101,68.06,8616,408565,70,45.06,2743,143019,197,49.78,8865,1597522,,,,,,,,,,,,,,,,,,,,,,,,,,,,,,,,,,,,,,,,,,,,,,,,,,,,
16-11-2021,1,25,39,46953,87,70.83,10259,345137,143,45.04,6568,121230,301,49.73,10197,1724044,,,,,,,,,,,,,,,,,,,,,,,,,,,,,,,,,,,,,,,,,,,,,,,,,,,,
17-11-2021,2,25,90,40412,67,70.83,9849,361197,377,45,13112,120680,470,49.67,11919,1807766,,,,,,,,,,,,,,,,,,,,,,,,,,,,,,,,,,,,,,,,,,,,,,,,,,,,
18-11-2021,0,25,0,33871,139,70.83,10223,349428,272,44.97,11402,100984,459,49.6,11106,1951437,,,,,,,,,,,,,,,,,,,,,,,,,,,,,,,,,,,,,,,,,,,,,,,,,,,,
19-11-2021,2,25,73,27330,102,70.83,9625,344236,238,44.94,12373,115907,267,49.57,10302,1855689,,,,,,,,,,,,,,,,,,,,,,,,,,,,,,,,,,,,,,,,,,,,,,,,,,,,
20-11-2021,2,25,52,20789,107,70.83,9531,340686,207,44.92,8215,124937,313,49.48,10488,1983320,,,,,,,,,,,,,,,,,,,,,,,,,,,,,,,,,,,,,,,,,,,,,,,,,,,,
21-11-2021,2,25,32,14248,76,70.83,9889,349790,96,44.9,5088,129156,249,49.45,8488,2046543,,,,,,,,,,,,,,,,,,,,,,,,,,,,,,,,,,,,,,,,,,,,,,,,,,,,
22-11-2021,0,25,15,14248,190,70.83,10321,367167,126,44.88,4141,140666,236,57.72,7579,2237678,,,,,,,,,,,,,,,,,,,,,,,,,,,,,,,,,,,,,,,,,,,,,,,,,,,,
23-11-2021,2,25,104,14248,167,70.83,39132,371579,295,44.85,12440,154349,437,57.66,9283,2309003,,,,,,,,,,,,,,,,,,,,,,,,,,,,,,,,,,,,,,,,,,,,,,,,,,,,
24-11-2021,1,25,17,14248,125,70.83,11811,388278,271,44.82,12254,136989,396,57.58,9119,2403547,,,,,,,,,,,,,,,,,,,,,,,,,,,,,,,,,,,,,,,,,,,,,,,,,,,,
25-11-2021,1,25,112,14248,164,70.83,12450,400868,288,44.8,12283,135020,488,57.54,10549,2283375,,,,,,,,,,,,,,,,,,,,,,,,,,,,,,,,,,,,,,,,,,,,,,,,,,,,
26-11-2021,0,25,27,14248,137,70.83,13109,403733,305,44.77,10879,141758,465,57.44,8318,2625960,,,,,,,,,,,,,,,,,,,,,,,,,,,,,,,,,,,,,,,,,,,,,,,,,,,,
27-11-2021,1,25,19,14248,148,70.83,16067,434345,227,44.75,8309,131210,621,56.3,8774,2244414,,,,,,,,,,,,,,,,,,,,,,,,,,,,,,,,,,,,,,,,,,,,,,,,,,,,
28-11-2021,0,25,28,14248,190,70.83,12936,577471,80,44.74,3536,124595,236,56.2,8309,2522843,,,,,,,,,,,,,,,,,,,,,,,,,,,,,,,,,,,,,,,,,,,,,,,,,,,,
29-11-2021,0,25,42,14248,173,70.83,13770,543672,118,50.3,4489,106975,190,56.14,6990,2394121,,,,,,,,,,,,,,,,,,,,,,,,,,,,,,,,,,,,,,,,,,,,,,,,,,,,
30-11-2021,0,25,29,14248,197,70.83,13972,565934,326,50.26,10285,116853,267,56.06,8954,2405498,,,,,,,,,,,,,,,,,,,,,,,,,,,,,,,,,,,,,,,,,,,,,,,,,,,,
01-12-2021,1,25,70,14248,196,70.83,14508,562398,268,50.23,12282,134726,477,58.76,9765,2364302,,,,,,,,,,,,,,,,,,,,,,,,,,,,,,,,,,,,,,,,,,,,,,,,,,,,
02-12-2021,1,25,28,14248,210,70.83,13698,542435,196,50.2,11931,135378,391,58.65,9216,2573200,,,,,,,,,,,,,,,,,,,,,,,,,,,,,,,,,,,,,,,,,,,,,,,,,,,,
03-12-2021,1,25,25,14248,200,70.83,14492,549401,234,50.15,10622,130099,415,58.59,8603,2247545,,,,,,,,,,,,,,,,,,,,,,,,,,,,,,,,,,,,,,,,,,,,,,,,,,,,
04-12-2021,1,25,19,14248,203,70.83,13998,503847,146,50.14,7407,133764,0,58.47,0,2667112,,,,,,,,,,,,,,,,,,,,,,,,,,,,,,,,,,,,,,,,,,,,,,,,,,,,
05-12-2021,0,25,23,14248,199,70.83,14314,347772,71,50.13,4693,129284,3007,58.42,17201,2395636,,,,,,,,,,,,,,,,,,,,,,,,,,,,,,,,,,,,,,,,,,,,,,,,,,,,
06-12-2021,4,25,45,14248,223,70.83,14591,359977,132,50.11,6017,128311,220,58.37,6822,2362666,,,,,,,,,,,,,,,,,,,,,,,,,,,,,,,,,,,,,,,,,,,,,,,,,,,,
07-12-2021,1,25,9,14248,217,70.83,13840,302032,261,50.09,10136,112178,195,58.29,8439,2335771,,,,,,,,,,,,,,,,,,,,,,,,,,,,,,,,,,,,,,,,,,,,,,,,,,,,
08-12-2021,2,25,34,14248,230,70.83,14599,230317,240,50.07,10132,91555,159,58.21,9419,2304144,,,,,,,,,,,,,,,,,,,,,,,,,,,,,,,,,,,,,,,,,,,,,,,,,,,,
09-12-2021,2,25,43,14248,256,70.83,15311,273812,200,50.05,8753,89192,368,58.12,8402,2230599,,,,,,,,,,,,,,,,,,,,,,,,,,,,,,,,,,,,,,,,,,,,,,,,,,,,
10-12-2021,3,25,18,14248,216,69.44,14839,222579,228,50.03,7065,65877,393,58.08,7990,2165738,,,,,,,,,,,,,,,,,,,,,,,,,,,,,,,,,,,,,,,,,,,,,,,,,,,,
11-12-2021,1,25,8,14248,209,69.44,16141,222561,53,61.57,2684,54123,562,57.92,7877,2234639,,,,,,,,,,,,,,,,,,,,,,,,,,,,,,,,,,,,,,,,,,,,,,,,,,,,
12-12-2021,3,25,22,14248,228,69.44,14638,216304,82,61.57,1615,48079,202,57.88,7350,2184411,,,,,,,,,,,,,,,,,,,,,,,,,,,,,,,,,,,,,,,,,,,,,,,,,,,,
13-12-2021,0,25,15,14248,242,69.44,15377,194359,45,61.57,2770,46475,252,57.84,5784,2144786,,,,,,,,,,,,,,,,,,,,,,,,,,,,,,,,,,,,,,,,,,,,,,,,,,,,
14-12-2021,1,25,12,14248,252,69.44,15220,177202,113,61.57,4379,31742,247,56.34,6984,2222759,,,,,,,,,,,,,,,,,,,,,,,,,,,,,,,,,,,,,,,,,,,,,,,,,,,,
15-12-2021,2,25,5,14248,283,69.44,15527,167895,298,61.57,5078,47822,343,56.27,7974,2112872,,,,,,,,,,,,,,,,,,,,,,,,,,,,,,,,,,,,,,,,,,,,,,,,,,,,
16-12-2021,1,25,60,14248,241,69.44,34062,110751,123,61.57,3661,52031,391,56.23,7447,1901219,,,,,,,,,,,,,,,,,,,,,,,,,,,,,,,,,,,,,,,,,,,,,,,,,,,,
17-12-2021,0,19.44,9,14248,246,69.44,15236,131129,198,61.57,4363,67906,0,56.13,0,2012457,,,,,,,,,,,,,,,,,,,,,,,,,,,,,,,,,,,,,,,,,,,,,,,,,,,,
18-12-2021,1,19.44,11,14248,248,69.44,15895,123606,138,61.57,2381,69529,289,56.05,7145,1711496,,,,,,,,,,,,,,,,,,,,,,,,,,,,,,,,,,,,,,,,,,,,,,,,,,,,
19-12-2021,2,19.44,42,14248,215,69.44,16110,140932,55,61.57,1458,70228,396,56.01,13644,1658764,,,,,,,,,,,,,,,,,,,,,,,,,,,,,,,,,,,,,,,,,,,,,,,,,,,,
20-12-2021,0,19.44,10,14248,225,69.44,14977,152358,83,61.57,2639,77311,453,55.97,5326,1616044,,,,,,,,,,,,,,,,,,,,,,,,,,,,,,,,,,,,,,,,,,,,,,,,,,,,
21-12-2021,0,19.44,19,14248,250,69.44,16325,163783,71,61.57,3734,88661,318,55.88,6317,1454088,,,,,,,,,,,,,,,,,,,,,,,,,,,,,,,,,,,,,,,,,,,,,,,,,,,,
22-12-2021,6,19.44,25,14248,210,69.44,16555,181129,146,61.57,3226,100180,434,55.85,7495,1316889,,,,,,,,,,,,,,,,,,,,,,,,,,,,,,,,,,,,,,,,,,,,,,,,,,,,
23-12-2021,5,19.44,37,14248,280,69.44,16377,179469,126,61.57,3774,87899,374,55.77,6650,1402095,,,,,,,,,,,,,,,,,,,,,,,,,,,,,,,,,,,,,,,,,,,,,,,,,,,,
24-12-2021,2,19.44,9,14248,235,69.44,16157,178595,163,61.57,3680,73538,387,55.7,7189,1315228,,,,,,,,,,,,,,,,,,,,,,,,,,,,,,,,,,,,,,,,,,,,,,,,,,,,
25-12-2021,1,19.44,8,14248,241,69.44,15586,196746,31,61.57,3674,73430,162,55.6,6987,1387180,,,,,,,,,,,,,,,,,,,,,,,,,,,,,,,,,,,,,,,,,,,,,,,,,,,,
26-12-2021,5,19.44,56,14248,207,69.44,15218,177828,46,61.57,4969,74246,315,55.59,6531,1282099,,,,,,,,,,,,,,,,,,,,,,,,,,,,,,,,,,,,,,,,,,,,,,,,,,,,
27-12-2021,0,19.44,16,14248,204,69.44,14872,165440,65,61.57,6952,68678,293,55.55,6358,1299756,,,,,,,,,,,,,,,,,,,,,,,,,,,,,,,,,,,,,,,,,,,,,,,,,,,,
28-12-2021,1,19.44,31,14583,214,69.44,14440,153053,181,61.57,9052,72526,302,55.47,9195,1278993,,,,,,,,,,,,,,,,,,,,,,,,,,,,,,,,,,,,,,,,,,,,,,,,,,,,
29-12-2021,1,19.44,39,14918,245,69.44,13889,139098,117,61.57,9761,43848,268,59.07,13154,1507368,,,,,,,,,,,,,,,,,,,,,,,,,,,,,,,,,,,,,,,,,,,,,,,,,,,,
30-12-2021,0,19.44,19,15253,291,69.44,19868,125144,154,61.57,12618,41617,220,59.03,16764,1422156,,,,,,,,,,,,,,,,,,,,,,,,,,,,,,,,,,,,,,,,,,,,,,,,,,,,
31-12-2021,0,19.44,28,15588,226,69.44,16515,107775,85,61.57,10190,40966,406,68.64,22775,1557545,,,,,,,,,,,,,,,,,,,,,,,,,,,,,,,,,,,,,,,,,,,,,,,,,,,,
01-01-2022,0,19.44,23,15923,216,69.44,14835,91649,33,47.07,3782,39448,284,68.58,27553,1413862,,,,,,,,,,,,,,,,,,,,,,,,,,,,,,,,,,,,,,,,,,,,,,,,,,,,
02-01-2022,5,19.44,82,16258,221,69.44,16948,93983,34,47.07,1806,38444,123,68.56,33750,1481574,,,,,,,,,,,,,,,,,,,,,,,,,,,,,,,,,,,,,,,,,,,,,,,,,,,,
03-01-2022,3,19.44,80,16593,190,69.44,15936,86041,72,47.06,11654,52659,124,68.69,37379,2036115,,,,,,,,,,,,,,,,,,,,,,,,,,,,,,,,,,,,,,,,,,,,,,,,,,,,
04-01-2022,1,19.44,22,16593,224,68.52,21728,88938,181,47.06,19171,52103,534,68.67,58097,2527578,,,,,,,,,,,,,,,,,,,,,,,,,,,,,,,,,,,,,,,,,,,,,,,,,,,,
05-01-2022,2,19.44,40,16593,230,68.52,17017,93402,0,47.05,22852,47483,325,68.65,90928,3164425,,,,,,,,,,,,,,,,,,,,,,,,,,,,,,,,,,,,,,,,,,,,,,,,,,,,
06-01-2022,0,19.44,30,16593,169,68.52,25842,84453,0,47.05,35826,46546,302,68.63,117100,3981132,,,,,,,,,,,,,,,,,,,,,,,,,,,,,,,,,,,,,,,,,,,,,,,,,,,,
07-01-2022,1,19.44,25,16593,233,68.52,16278,80197,168,47.05,63292,50234,285,68.6,141986,4854923,,,,,,,,,,,,,,,,,,,,,,,,,,,,,,,,,,,,,,,,,,,,,,,,,,,,
08-01-2022,1,19.44,9,16593,240,68.52,16553,75940,115,47.05,49303,54789,327,68.59,159632,4850706,,,,,,,,,,,,,,,,,,,,,,,,,,,,,,,,,,,,,,,,,,,,,,,,,,,,
09-01-2022,4,19.44,72,16593,202,68.52,23181,70732,314,47.03,29658,58829,146,68.56,179723,5505539,,,,,,,,,,,,,,,,,,,,,,,,,,,,,,,,,,,,,,,,,,,,,,,,,,,,
10-01-2022,0,19.44,13,15669,212,68.52,14818,76971,115,47.02,33921,56089,277,68.55,168063,5269835,,,,,,,,,,,,,,,,,,,,,,,,,,,,,,,,,,,,,,,,,,,,,,,,,,,,
11-01-2022,1,19.44,77,14745,256,68.52,16035,61800,141,47.01,73255,48955,442,68.51,194720,5437646,,,,,,,,,,,,,,,,,,,,,,,,,,,,,,,,,,,,,,,,,,,,,,,,,,,,
12-01-2022,2,19.44,40,14309,177,68.52,28291,51414,134,47,87873,42346,380,68.49,247417,4891977,,,,,,,,,,,,,,,,,,,,,,,,,,,,,,,,,,,,,,,,,,,,,,,,,,,,
13-01-2022,0,19.44,91,13872,206,68.52,16725,54440,189,46.99,97945,45984,411,68.46,264202,4564273,,,,,,,,,,,,,,,,,,,,,,,,,,,,,,,,,,,,,,,,,,,,,,,,,,,,
14-01-2022,0,19.44,37,12467,171,68.52,16040,52463,233,38.62,111112,46172,306,68.45,268833,3494529,,,,,,,,,,,,,,,,,,,,,,,,,,,,,,,,,,,,,,,,,,,,,,,,,,,,
15-01-2022,2,19.44,39,11062,139,68.52,16378,50486,170,38.62,48562,46630,314,68.42,271202,3867805,,,,,,,,,,,,,,,,,,,,,,,,,,,,,,,,,,,,,,,,,,,,,,,,,,,,
16-01-2022,1,19.44,39,9657,129,68.52,15684,49460,94,38.57,33277,67806,385,68.4,258089,3454566,,,,,,,,,,,,,,,,,,,,,,,,,,,,,,,,,,,,,,,,,,,,,,,,,,,,
17-01-2022,2,19.44,109,9176,0,68.52,0,40733,151,38.51,74381,88139,310,68.39,238018,3298902,,,,,,,,,,,,,,,,,,,,,,,,,,,,,,,,,,,,,,,,,,,,,,,,,,,,
18-01-2022,2,19.44,148,8964,363,68.52,38582,42576,325,38.49,140342,88029,441,68.39,282970,2387982,,,,,,,,,,,,,,,,,,,,,,,,,,,,,,,,,,,,,,,,,,,,,,,,,,,,
19-01-2022,3,19.44,96,8265,142,68.52,15959,39634,322,38.47,195541,110731,491,76.39,317532,2907049,,,,,,,,,,,,,,,,,,,,,,,,,,,,,,,,,,,,,,,,,,,,,,,,,,,,
20-01-2022,0,19.44,233,7368,152,68.52,16715,36693,351,38.46,169786,131233,703,76.34,347254,2721227,,,,,,,,,,,,,,,,,,,,,,,,,,,,,,,,,,,,,,,,,,,,,,,,,,,,
21-01-2022,4,19.44,213,7440,177,68.52,15935,36693,399,38.44,171321,143529,488,78.05,337704,3059055,,,,,,,,,,,,,,,,,,,,,,,,,,,,,,,,,,,,,,,,,,,,,,,,,,,,
22-01-2022,0,19.44,32,7513,153,68.52,15707,36693,316,38.42,165110,157934,525,78.01,333533,2875423,,,,,,,,,,,,,,,,,,,,,,,,,,,,,,,,,,,,,,,,,,,,,,,,,,,,
23-01-2022,3,19.44,101,7585,123,68.52,14978,36693,179,38.42,122796,142532,439,77.98,306064,2797940,,,,,,,,,,,,,,,,,,,,,,,,,,,,,,,,,,,,,,,,,,,,,,,,,,,,
24-01-2022,0,19.44,247,7657,165,68.52,14362,35004,266,38.4,87627,144410,614,77.98,255874,2543966,,,,,,,,,,,,,,,,,,,,,,,,,,,,,,,,,,,,,,,,,,,,,,,,,,,,
25-01-2022,4,19.44,356,8197,126,63.89,15743,34630,493,34.53,200290,165804,665,76.15,285914,2862657,,,,,,,,,,,,,,,,,,,,,,,,,,,,,,,,,,,,,,,,,,,,,,,,,,,,
26-01-2022,4,19.44,440,8737,155,63.89,15954,34257,588,34.52,217771,196252,573,76.11,286384,2201312,,,,,,,,,,,,,,,,,,,,,,,,,,,,,,,,,,,,,,,,,,,,,,,,,,,,
27-01-2022,2,19.44,312,8558,126,63.89,15727,32873,673,34.5,229702,215591,627,76.09,251209,1886805,,,,,,,,,,,,,,,,,,,,,,,,,,,,,,,,,,,,,,,,,,,,,,,,,,,,
28-01-2022,0,19.44,53,8851,141,63.89,14929,31489,780,34.49,260806,249195,871,77.87,235532,1658125,,,,,,,,,,,,,,,,,,,,,,,,,,,,,,,,,,,,,,,,,,,,,,,,,,,,
29-01-2022,2,19.44,233,9145,115,63.89,15150,28220,700,34.48,205597,258724,893,77.84,234281,1501766,,,,,,,,,,,,,,,,,,,,,,,,,,,,,,,,,,,,,,,,,,,,,,,,,,,,
30-01-2022,3,19.44,821,9438,121,63.89,29766,23596,280,34.48,104449,253523,959,77.81,209918,1540583,,,,,,,,,,,,,,,,,,,,,,,,,,,,,,,,,,,,,,,,,,,,,,,,,,,,
31-01-2022,6,19.44,815,9732,109,63.89,12674,21400,439,34.47,102883,283001,1192,75.92,167059,1809688,,,,,,,,,,,,,,,,,,,,,,,,,,,,,,,,,,,,,,,,,,,,,,,,,,,,
01-02-2022,3,19.44,629,9606,0,63.89,11023,17888,767,34.46,171251,293247,1733,74.01,161386,1734701,,,,,,,,,,,,,,,,,,,,,,,,,,,,,,,,,,,,,,,,,,,,,,,,,,,,
02-02-2022,1,19.44,635,9481,0,63.89,8744,13283,945,34.44,185964,284397,1008,73.97,172433,1684334,,,,,,,,,,,,,,,,,,,,,,,,,,,,,,,,,,,,,,,,,,,,,,,,,,,,
03-02-2022,2,19.44,537,10238,286,63.89,8601,9463,1000,34.42,287149,279705,1072,73.93,149394,1720903,,,,,,,,,,,,,,,,,,,,,,,,,,,,,,,,,,,,,,,,,,,,,,,,,,,,
04-02-2022,0,19.44,631,10523,84,63.89,11594,5605,964,34.4,218560,309127,1059,73.89,127952,1658632,,,,,,,,,,,,,,,,,,,,,,,,,,,,,,,,,,,,,,,,,,,,,,,,,,,,
05-02-2022,5,19.44,353,10807,114,63.89,12170,6254,830,34.39,158092,325947,865,75.75,107474,1666186,,,,,,,,,,,,,,,,,,,,,,,,,,,,,,,,,,,,,,,,,,,,,,,,,,,,
06-02-2022,7,19.44,480,11092,63,63.89,14112,8259,419,34.38,61853,331586,895,75.74,83876,1493924,,,,,,,,,,,,,,,,,,,,,,,,,,,,,,,,,,,,,,,,,,,,,,,,,,,,
07-02-2022,10,19.44,733,11376,100,63.89,16815,9525,432,38.08,69615,332913,1188,73.82,67597,1176586,,,,,,,,,,,,,,,,,,,,,,,,,,,,,,,,,,,,,,,,,,,,,,,,,,,,
08-02-2022,12,19.44,815,11546,97,63.89,21909,10790,1172,38.06,177483,326675,1217,69.21,71365,1132694,,,,,,,,,,,,,,,,,,,,,,,,,,,,,,,,,,,,,,,,,,,,,,,,,,,,
09-02-2022,11,19.44,811,11716,93,63.89,23956,11635,1303,38.04,179417,297718,1241,69.17,67084,1142587,,,,,,,,,,,,,,,,,,,,,,,,,,,,,,,,,,,,,,,,,,,,,,,,,,,,
10-02-2022,12,19.44,898,11919,74,63.89,26032,12217,917,38,162636,311968,657,69.17,58077,996071,,,,,,,,,,,,,,,,,,,,,,,,,,,,,,,,,,,,,,,,,,,,,,,,,,,,
11-02-2022,1,19.44,492,12123,96,63.89,26487,17440,1129,37.98,163786,302541,804,69.11,50407,1092362,,,,,,,,,,,,,,,,,,,,,,,,,,,,,,,,,,,,,,,,,,,,,,,,,,,,
12-02-2022,10,19.44,212,12326,78,63.89,27311,16099,879,37.97,134950,287179,684,69.09,44877,962701,,,,,,,,,,,,,,,,,,,,,,,,,,,,,,,,,,,,,,,,,,,,,,,,,,,,
13-02-2022,6,19.44,452,12530,84,63.89,26379,14071,327,38.77,58618,289685,346,69.06,34113,974267,,,,,,,,,,,,,,,,,,,,,,,,,,,,,,,,,,,,,,,,,,,,,,,,,,,,
14-02-2022,7,19.44,642,12733,91,63.89,29413,12950,478,38.76,59363,252611,347,66.28,27409,1028357,,,,,,,,,,,,,,,,,,,,,,,,,,,,,,,,,,,,,,,,,,,,,,,,,,,,
15-02-2022,3,19.44,176,12774,85,66.67,31814,11830,925,38.75,125201,254211,514,64.52,30615,989122,,,,,,,,,,,,,,,,,,,,,,,,,,,,,,,,,,,,,,,,,,,,,,,,,,,,
16-02-2022,9,19.44,97,12815,66,66.67,34737,12224,1020,38.73,142528,279019,541,64.5,30757,833522,,,,,,,,,,,,,,,,,,,,,,,,,,,,,,,,,,,,,,,,,,,,,,,,,,,,
17-02-2022,11,19.44,154,12855,90,66.67,36200,13106,1060,38.71,120123,258027,492,64.48,25920,958368,,,,,,,,,,,,,,,,,,,,,,,,,,,,,,,,,,,,,,,,,,,,,,,,,,,,
18-02-2022,2,19.44,184,12896,80,66.67,42439,9385,1184,38.68,132119,290407,325,64.46,22270,761399,,,,,,,,,,,,,,,,,,,,,,,,,,,,,,,,,,,,,,,,,,,,,,,,,,,,
19-02-2022,8,19.44,74,12937,65,66.67,54830,9606,855,38.66,105129,289110,673,64.45,19968,747940,,,,,,,,,,,,,,,,,,,,,,,,,,,,,,,,,,,,,,,,,,,,,,,,,,,,
20-02-2022,5,19.44,274,12977,78,66.67,47200,10513,397,38.66,40813,286833,206,64.44,16051,654817,,,,,,,,,,,,,,,,,,,,,,,,,,,,,,,,,,,,,,,,,,,,,,,,,,,,
21-02-2022,10,19.44,236,13312,104,66.67,46880,10513,326,38.64,40278,283685,235,64.43,13405,643571,,,,,,,,,,,,,,,,,,,,,,,,,,,,,,,,,,,,,,,,,,,,,,,,,,,,
22-02-2022,20,19.44,275,13606,77,66.67,56149,10513,817,34.92,103493,280021,278,64.41,15102,559336,,,,,,,,,,,,,,,,,,,,,,,,,,,,,,,,,,,,,,,,,,,,,,,,,,,,
23-02-2022,5,19.44,185,13900,91,66.67,81856,10513,979,34.89,131385,281615,302,64.4,14148,535702,,,,,,,,,,,,,,,,,,,,,,,,,,,,,,,,,,,,,,,,,,,,,,,,,,,,
24-02-2022,4,19.44,146,14194,111,66.67,69128,10513,989,34.86,95899,280783,302,64.38,13166,468913,,,,,,,,,,,,,,,,,,,,,,,,,,,,,,,,,,,,,,,,,,,,,,,,,,,,
25-02-2022,1,19.44,37,14488,78,66.67,78795,10513,793,34.84,90436,216427,255,64.37,11499,446389,,,,,,,,,,,,,,,,,,,,,,,,,,,,,,,,,,,,,,,,,,,,,,,,,,,,
26-02-2022,6,19.44,62,14782,88,66.67,98876,10513,688,34.83,69881,200471,243,64.35,10273,436101,,,,,,,,,,,,,,,,,,,,,,,,,,,,,,,,,,,,,,,,,,,,,,,,,,,,
27-02-2022,8,19.44,249,15076,94,66.67,101828,10513,253,34.82,27242,193920,119,64.34,8013,416363,,,,,,,,,,,,,,,,,,,,,,,,,,,,,,,,,,,,,,,,,,,,,,,,,,,,
28-02-2022,5,19.44,264,13855,108,66.67,122480,10513,239,34.79,19777,190810,180,64.33,6915,395181,,,,,,,,,,,,,,,,,,,,,,,,,,,,,,,,,,,,,,,,,,,,,,,,,,,,
01-03-2022,11,19.44,220,12634,86,66.67,114144,10048,246,34.79,22279,173043,223,55.07,7554,343712,,,,,,,,,,,,,,,,,,,,,,,,,,,,,,,,,,,,,,,,,,,,,,,,,,,,
02-03-2022,8,19.44,194,11412,114,66.67,151852,13552,332,34.79,27645,141712,142,55.06,6561,326236,,,,,,,,,,,,,,,,,,,,,,,,,,,,,,,,,,,,,,,,,,,,,,,,,,,,
03-03-2022,2,19.44,141,10191,95,66.67,176150,20737,570,34.99,60177,116179,201,55.04,6396,314837,,,,,,,,,,,,,,,,,,,,,,,,,,,,,,,,,,,,,,,,,,,,,,,,,,,,
04-03-2022,0,19.44,0,8969,97,66.67,173631,27922,698,34.97,71380,94869,289,55.03,5921,284531,,,,,,,,,,,,,,,,,,,,,,,,,,,,,,,,,,,,,,,,,,,,,,,,,,,,
05-03-2022,3,19.44,117,7748,82,66.67,173258,35107,694,34.96,62748,94157,158,55.02,5476,259670,,,,,,,,,,,,,,,,,,,,,,,,,,,,,,,,,,,,,,,,,,,,,,,,,,,,
06-03-2022,1,19.44,251,6527,87,66.67,202180,34367,222,34.96,15725,95118,66,55.01,4362,249726,,,,,,,,,,,,,,,,,,,,,,,,,,,,,,,,,,,,,,,,,,,,,,,,,,,,
07-03-2022,3,19.44,418,7072,78,66.67,147358,33788,210,34.94,21306,89170,108,55,3993,246765,,,,,,,,,,,,,,,,,,,,,,,,,,,,,,,,,,,,,,,,,,,,,,,,,,,,
08-03-2022,4,16.67,353,7618,86,66.67,194815,34681,486,34.93,74487,92772,145,54.99,4575,257477,,,,,,,,,,,,,,,,,,,,,,,,,,,,,,,,,,,,,,,,,,,,,,,,,,,,
09-03-2022,6,16.67,172,8163,109,66.67,265163,30751,633,34.91,45783,106491,104,54.98,4184,260192,,,,,,,,,,,,,,,,,,,,,,,,,,,,,,,,,,,,,,,,,,,,,,,,,,,,
10-03-2022,3,16.67,368,8709,71,66.67,218459,23426,613,34.84,61105,185821,255,54.97,4194,235116,,,,,,,,,,,,,,,,,,,,,,,,,,,,,,,,,,,,,,,,,,,,,,,,,,,,
11-03-2022,1,16.67,81,9254,71,66.67,188440,16101,463,34.82,54022,185539,89,54.96,3614,234848,,,,,,,,,,,,,,,,,,,,,,,,,,,,,,,,,,,,,,,,,,,,,,,,,,,,
12-03-2022,1,16.67,65,9800,62,66.67,454212,8776,391,34.81,47796,215955,47,54.95,3116,205778,,,,,,,,,,,,,,,,,,,,,,,,,,,,,,,,,,,,,,,,,,,,,,,,,,,,
13-03-2022,2,16.67,162,10345,95,66.67,209501,8687,125,34.8,13809,215578,27,54.95,2503,208426,,,,,,,,,,,,,,,,,,,,,,,,,,,,,,,,,,,,,,,,,,,,,,,,,,,,
14-03-2022,2,16.67,208,10345,92,66.67,264790,8437,198,34.79,16512,212450,97,54.94,2568,209660,,,,,,,,,,,,,,,,,,,,,,,,,,,,,,,,,,,,,,,,,,,,,,,,,,,,
15-03-2022,1,16.67,162,10345,68,63.89,175480,7180,321,34.78,49694,203906,98,46.6,2876,195997,,,,,,,,,,,,,,,,,,,,,,,,,,,,,,,,,,,,,,,,,,,,,,,,,,,,
16-03-2022,5,16.67,172,10345,62,63.89,267540,6866,353,34.75,47738,192566,60,46.59,2539,190669,,,,,,,,,,,,,,,,,,,,,,,,,,,,,,,,,,,,,,,,,,,,,,,,,,,,
17-03-2022,0,16.67,175,10345,76,63.89,353965,6265,462,34.74,44033,115030,149,46.58,2528,264864,,,,,,,,,,,,,,,,,,,,,,,,,,,,,,,,,,,,,,,,,,,,,,,,,,,,
18-03-2022,0,16.67,65,9332,57,63.89,192689,5664,405,34.72,51990,121921,71,46.58,2075,295615,,,,,,,,,,,,,,,,,,,,,,,,,,,,,,,,,,,,,,,,,,,,,,,,,,,,
19-03-2022,1,16.67,56,8320,77,63.89,424729,4804,291,34.71,39635,89374,127,46.58,1761,353268,,,,,,,,,,,,,,,,,,,,,,,,,,,,,,,,,,,,,,,,,,,,,,,,,,,,
20-03-2022,2,16.67,54,7307,63,63.89,166207,4559,106,34.7,13379,86506,31,46.57,1549,384251,,,,,,,,,,,,,,,,,,,,,,,,,,,,,,,,,,,,,,,,,,,,,,,,,,,,
21-03-2022,0,16.67,98,6295,69,63.89,131713,4563,100,34.69,12268,87951,33,46.57,1581,554330,,,,,,,,,,,,,,,,,,,,,,,,,,,,,,,,,,,,,,,,,,,,,,,,,,,,
22-03-2022,2,16.67,64,5282,65,63.89,249153,39004,410,34.67,41559,87144,62,46.56,1778,748835,,,,,,,,,,,,,,,,,,,,,,,,,,,,,,,,,,,,,,,,,,,,,,,,,,,,
23-03-2022,1,16.67,66,4961,61,63.89,140837,40305,281,34.66,46721,83823,67,46.55,1938,1097483,,,,,,,,,,,,,,,,,,,,,,,,,,,,,,,,,,,,,,,,,,,,,,,,,,,,
24-03-2022,0,16.67,0,4639,70,63.89,120000,41606,314,34.65,37206,80012,83,46.55,1685,1318375,,,,,,,,,,,,,,,,,,,,,,,,,,,,,,,,,,,,,,,,,,,,,,,,,,,,
25-03-2022,0,16.67,0,5330,51,63.89,161501,42907,255,34.64,34201,65938,4100,46.54,1660,1416030,,,,,,,,,,,,,,,,,,,,,,,,,,,,,,,,,,,,,,,,,,,,,,,,,,,,
26-03-2022,0,16.67,0,6021,62,63.89,158305,43358,191,34.63,29334,59542,149,43.06,1421,1660095,,,,,,,,,,,,,,,,,,,,,,,,,,,,,,,,,,,,,,,,,,,,,,,,,,,,
27-03-2022,5,16.67,199,6713,48,63.89,91916,43617,113,34.62,10637,62843,31,43.06,1270,1680379,,,,,,,,,,,,,,,,,,,,,,,,,,,,,,,,,,,,,,,,,,,,,,,,,,,,
28-03-2022,1,16.67,82,7404,52,63.89,263376,44299,68,34.61,7901,58910,35,43.06,1259,1606060,,,,,,,,,,,,,,,,,,,,,,,,,,,,,,,,,,,,,,,,,,,,,,,,,,,,
29-03-2022,2,16.67,56,8095,55,63.89,111640,12407,281,34.59,29550,79207,31,43.06,1233,1499787,,,,,,,,,,,,,,,,,,,,,,,,,,,,,,,,,,,,,,,,,,,,,,,,,,,,
30-03-2022,2,16.67,58,8095,41,63.89,85765,11470,261,34.57,33413,83128,28,43.06,1225,1435571,,,,,,,,,,,,,,,,,,,,,,,,,,,,,,,,,,,,,,,,,,,,,,,,,,,,
31-03-2022,3,16.67,31,8095,39,63.89,92355,10532,253,34.55,31066,82786,52,43.06,1335,1372857,,,,,,,,,,,,,,,,,,,,,,,,,,,,,,,,,,,,,,,,,,,,,,,,,,,,
01-04-2022,0,16.67,35,8095,33,63.89,86054,8812,243,33.16,26843,77578,83,40.28,1260,1297766,,,,,,,,,,,,,,,,,,,,,,,,,,,,,,,,,,,,,,,,,,,,,,,,,,,,
02-04-2022,1,16.67,21,8095,37,63.89,65619,8200,106,33.16,17062,78345,81,40.28,1096,1048276,,,,,,,,,,,,,,,,,,,,,,,,,,,,,,,,,,,,,,,,,,,,,,,,,,,,
03-04-2022,0,16.67,24,8095,37,63.89,102046,7912,39,33.14,7210,77564,13,40.28,913,1048678,,,,,,,,,,,,,,,,,,,,,,,,,,,,,,,,,,,,,,,,,,,,,,,,,,,,
04-04-2022,0,16.67,70,8095,42,63.89,48717,6952,160,33.13,12572,70416,58,50.46,795,997999,,,,,,,,,,,,,,,,,,,,,,,,,,,,,,,,,,,,,,,,,,,,,,,,,,,,
05-04-2022,0,16.67,35,7780,39,51.85,54995,4128,216,33.12,26915,53411,71,50.46,1086,990240,,,,,,,,,,,,,,,,,,,,,,,,,,,,,,,,,,,,,,,,,,,,,,,,,,,,
06-04-2022,0,16.67,42,7466,31,51.85,58424,3798,194,33.1,26822,52851,43,50.46,1033,816564,,,,,,,,,,,,,,,,,,,,,,,,,,,,,,,,,,,,,,,,,,,,,,,,,,,,
07-04-2022,0,16.67,0,7151,21,51.85,90228,12252,248,33.09,26234,51910,43,50.46,1109,654196,,,,,,,,,,,,,,,,,,,,,,,,,,,,,,,,,,,,,,,,,,,,,,,,,,,,
08-04-2022,0,16.67,0,6836,35,51.85,65097,21490,149,33.07,30212,54736,83,50.46,1150,636623,,,,,,,,,,,,,,,,,,,,,,,,,,,,,,,,,,,,,,,,,,,,,,,,,,,,
09-04-2022,0,16.67,0,6522,26,51.85,34140,21465,98,33.07,21229,54373,29,50.46,1054,659517,,,,,,,,,,,,,,,,,,,,,,,,,,,,,,,,,,,,,,,,,,,,,,,,,,,,
10-04-2022,0,16.67,0,6207,19,51.85,28307,21265,38,33.06,7210,51303,6,50.46,861,629814,,,,,,,,,,,,,,,,,,,,,,,,,,,,,,,,,,,,,,,,,,,,,,,,,,,,
11-04-2022,4,16.67,167,5892,17,51.85,51924,21065,63,33.05,7930,54377,19,50.46,796,607129,,,,,,,,,,,,,,,,,,,,,,,,,,,,,,,,,,,,,,,,,,,,,,,,,,,,
12-04-2022,1,16.67,116,5892,28,51.85,22804,20865,165,33.04,22377,51174,26,50.46,1088,618262,,,,,,,,,,,,,,,,,,,,,,,,,,,,,,,,,,,,,,,,,,,,,,,,,,,,
13-04-2022,0,16.67,38,5892,20,51.85,24623,22981,163,33.03,26648,42438,1,50.46,1007,534663,,,,,,,,,,,,,,,,,,,,,,,,,,,,,,,,,,,,,,,,,,,,,,,,,,,,
14-04-2022,0,16.67,57,5892,23,51.85,23012,13647,139,33.02,23090,42618,6,50.46,949,501207,,,,,,,,,,,,,,,,,,,,,,,,,,,,,,,,,,,,,,,,,,,,,,,,,,,,
15-04-2022,0,16.67,21,5299,23,47.22,73934,4824,111,29.52,13278,38405,4,50.46,975,437417,,,,,,,,,,,,,,,,,,,,,,,,,,,,,,,,,,,,,,,,,,,,,,,,,,,,
16-04-2022,0,16.67,14,4705,10,47.22,23354,8490,31,29.52,2775,37380,4,50.46,1150,380026,,,,,,,,,,,,,,,,,,,,,,,,,,,,,,,,,,,,,,,,,,,,,,,,,,,,
17-04-2022,2,16.67,31,4112,10,47.22,14660,10688,22,29.51,2541,39063,214,50.46,2183,375232,,,,,,,,,,,,,,,,,,,,,,,,,,,,,,,,,,,,,,,,,,,,,,,,,,,,
18-04-2022,1,16.67,39,3518,13,43.52,43272,10939,64,29.5,8470,36495,1,50.46,1247,363419,,,,,,,,,,,,,,,,,,,,,,,,,,,,,,,,,,,,,,,,,,,,,,,,,,,,
19-04-2022,1,16.67,56,3261,18,43.52,13500,18940,125,29.48,14131,68170,40,50.46,2067,328220,,,,,,,,,,,,,,,,,,,,,,,,,,,,,,,,,,,,,,,,,,,,,,,,,,,,
20-04-2022,0,16.67,61,3003,7,43.52,13271,23605,263,29.46,36750,68972,56,50.46,2380,299908,,,,,,,,,,,,,,,,,,,,,,,,,,,,,,,,,,,,,,,,,,,,,,,,,,,,
21-04-2022,0,16.67,37,2746,9,43.52,30574,42295,92,29.45,18660,67243,54,50.46,2451,291294,,,,,,,,,,,,,,,,,,,,,,,,,,,,,,,,,,,,,,,,,,,,,,,,,,,,
22-04-2022,0,16.67,27,3082,7,43.52,11160,67701,51,29.45,8068,65555,33,50.46,2527,345707,,,,,,,,,,,,,,,,,,,,,,,,,,,,,,,,,,,,,,,,,,,,,,,,,,,,
23-04-2022,1,16.67,10,3418,6,43.52,10365,89881,53,29.44,7111,63866,44,50.46,2593,371764,,,,,,,,,,,,,,,,,,,,,,,,,,,,,,,,,,,,,,,,,,,,,,,,,,,,
24-04-2022,1,16.67,41,3755,9,43.52,8813,101025,36,29.44,3655,60040,30,50.46,2541,397820,,,,,,,,,,,,,,,,,,,,,,,,,,,,,,,,,,,,,,,,,,,,,,,,,,,,
25-04-2022,1,16.67,56,4091,8,43.52,8270,132342,73,29.43,6456,59479,0,50.46,11,386650,,,,,,,,,,,,,,,,,,,,,,,,,,,,,,,,,,,,,,,,,,,,,,,,,,,,
26-04-2022,0,16.67,24,4091,8,43.52,48431,143322,144,29.42,22142,23974,1431,37.04,5399,386021,,,,,,,,,,,,,,,,,,,,,,,,,,,,,,,,,,,,,,,,,,,,,,,,,,,,
27-04-2022,0,16.67,40,3559,5,43.52,11313,156476,242,29.4,20943,27941,39,37.04,3303,435999,,,,,,,,,,,,,,,,,,,,,,,,,,,,,,,,,,,,,,,,,,,,,,,,,,,,
28-04-2022,0,16.67,41,3537,3,43.52,7116,171228,114,29.39,19916,28293,60,37.04,3377,444871,,,,,,,,,,,,,,,,,,,,,,,,,,,,,,,,,,,,,,,,,,,,,,,,,,,,
29-04-2022,0,16.67,23,3514,1,43.52,6068,158562,185,29.38,14122,31194,50,37.04,3688,478538,,,,,,,,,,,,,,,,,,,,,,,,,,,,,,,,,,,,,,,,,,,,,,,,,,,,
30-04-2022,0,16.67,6,3491,3,43.52,5109,142096,87,29.38,15194,30778,40,37.04,3324,465326,,,,,,,,,,,,,,,,,,,,,,,,,,,,,,,,,,,,,,,,,,,,,,,,,,,,
01-05-2022,0,16.67,20,3469,1,28.7,3717,130357,16,29.37,6263,32499,26,37.04,3157,467843,,,,,,,,,,,,,,,,,,,,,,,,,,,,,,,,,,,,,,,,,,,,,,,,,,,,
02-05-2022,0,16.67,2,3446,2,28.7,3123,100038,86,29.36,6498,34110,20,37.04,2568,464458,,,,,,,,,,,,,,,,,,,,,,,,,,,,,,,,,,,,,,,,,,,,,,,,,,,,
03-05-2022,0,16.67,0,3423,0,28.7,2709,82659,92,29.35,21432,36065,31,37.04,3205,427916,,,,,,,,,,,,,,,,,,,,,,,,,,,,,,,,,,,,,,,,,,,,,,,,,,,,
04-05-2022,0,16.67,0,3932,3,28.7,3088,70952,64,29.33,20072,36942,55,37.04,3275,373987,,,,,,,,,,,,,,,,,,,,,,,,,,,,,,,,,,,,,,,,,,,,,,,,,,,,
05-05-2022,1,16.67,4,3932,2,28.7,4305,50323,137,29.32,21682,33803,27,37.04,3545,352908,,,,,,,,,,,,,,,,,,,,,,,,,,,,,,,,,,,,,,,,,,,,,,,,,,,,
06-05-2022,0,16.67,14,3461,6,28.7,3819,49721,195,29.31,19725,35914,22,37.04,3805,303550,,,,,,,,,,,,,,,,,,,,,,,,,,,,,,,,,,,,,,,,,,,,,,,,,,,,
07-05-2022,0,16.67,3,2989,0,28.7,3345,42345,35,29.31,14622,35562,40,37.04,3451,309658,,,,,,,,,,,,,,,,,,,,,,,,,,,,,,,,,,,,,,,,,,,,,,,,,,,,
08-05-2022,0,16.67,59,2518,1,28.7,2269,45627,13,29.31,6006,35391,29,37.04,3207,297658,,,,,,,,,,,,,,,,,,,,,,,,,,,,,,,,,,,,,,,,,,,,,,,,,,,,
09-05-2022,1,16.67,29,2379,1,28.7,2175,48640,52,29.3,9709,32799,10,37.04,2288,315367,,,,,,,,,,,,,,,,,,,,,,,,,,,,,,,,,,,,,,,,,,,,,,,,,,,,
10-05-2022,0,11.11,7,2240,1,28.7,2855,71927,198,29.29,20143,29335,54,37.04,2897,316241,,,,,,,,,,,,,,,,,,,,,,,,,,,,,,,,,,,,,,,,,,,,,,,,,,,,
11-05-2022,1,11.11,114,2639,2,28.7,2758,73431,126,29.26,23398,40186,24,37.04,2827,339542,,,,,,,,,,,,,,,,,,,,,,,,,,,,,,,,,,,,,,,,,,,,,,,,,,,,
12-05-2022,0,11.11,38,3038,3,28.7,6499,70898,124,29.25,21344,45616,9,37.04,2841,341328,,,,,,,,,,,,,,,,,,,,,,,,,,,,,,,,,,,,,,,,,,,,,,,,,,,,
13-05-2022,0,11.11,34,3909,0,28.7,2670,74954,138,29.25,25609,40198,11,37.04,2858,334637,,,,,,,,,,,,,,,,,,,,,,,,,,,,,,,,,,,,,,,,,,,,,,,,,,,,
14-05-2022,1,11.11,39,4779,2,28.7,1895,89584,92,29.25,17355,39133,13,37.04,2487,326667,,,,,,,,,,,,,,,,,,,,,,,,,,,,,,,,,,,,,,,,,,,,,,,,,,,,
15-05-2022,3,11.11,25,5650,0,25.93,1594,101451,46,29.25,6296,37721,27,37.04,2202,309317,,,,,,,,,,,,,,,,,,,,,,,,,,,,,,,,,,,,,,,,,,,,,,,,,,,,
16-05-2022,1,11.11,54,6076,2,25.93,1550,113071,66,29.25,13510,35367,19,37.04,1569,281227,,,,,,,,,,,,,,,,,,,,,,,,,,,,,,,,,,,,,,,,,,,,,,,,,,,,
17-05-2022,0,11.11,7,6502,4,25.93,1785,106405,0,29.25,0,37322,33,37.04,1829,267608,,,,,,,,,,,,,,,,,,,,,,,,,,,,,,,,,,,,,,,,,,,,,,,,,,,,
18-05-2022,0,11.11,149,6390,1,25.93,1831,134854,0,29.22,0,20835,10,37.04,2364,264610,,,,,,,,,,,,,,,,,,,,,,,,,,,,,,,,,,,,,,,,,,,,,,,,,,,,
19-05-2022,4,11.11,120,6278,1,25.93,2728,148542,0,29.22,0,17451,20,37.04,2259,255277,,,,,,,,,,,,,,,,,,,,,,,,,,,,,,,,,,,,,,,,,,,,,,,,,,,,
20-05-2022,0,11.11,27,6166,2,25.93,1587,155805,506,29.21,60513,17055,25,37.04,2323,252690,,,,,,,,,,,,,,,,,,,,,,,,,,,,,,,,,,,,,,,,,,,,,,,,,,,,
21-05-2022,2,11.11,50,6054,0,25.93,1457,141853,300,29.21,0,17437,65,37.04,2226,246939,,,,,,,,,,,,,,,,,,,,,,,,,,,,,,,,,,,,,,,,,,,,,,,,,,,,
22-05-2022,1,11.11,42,5942,0,25.93,1319,127374,134,29.21,28807,29956,46,37.04,2022,241784,,,,,,,,,,,,,,,,,,,,,,,,,,,,,,,,,,,,,,,,,,,,,,,,,,,,
23-05-2022,0,11.11,0,5942,1,25.93,1179,130212,37,29.21,12775,41507,31,37.04,1675,242006,,,,,,,,,,,,,,,,,,,,,,,,,,,,,,,,,,,,,,,,,,,,,,,,,,,,
24-05-2022,0,11.11,55,5878,0,25.93,1323,130708,238,29.21,32820,49705,17,37.04,2124,244306,,,,,,,,,,,,,,,,,,,,,,,,,,,,,,,,,,,,,,,,,,,,,,,,,,,,
25-05-2022,1,11.11,64,5814,2,25.93,1344,108981,132,29.21,14376,57903,18,37.04,2628,234624,,,,,,,,,,,,,,,,,,,,,,,,,,,,,,,,,,,,,,,,,,,,,,,,,,,,
26-05-2022,0,11.11,0,5750,0,25.93,1275,87301,135,29.18,29321,65387,14,37.04,2710,230673,,,,,,,,,,,,,,,,,,,,,,,,,,,,,,,,,,,,,,,,,,,,,,,,,,,,
27-05-2022,0,11.11,251,5686,0,25.93,1239,73576,139,29.17,40633,80549,33,37.04,2685,224633,,,,,,,,,,,,,,,,,,,,,,,,,,,,,,,,,,,,,,,,,,,,,,,,,,,,
28-05-2022,2,11.11,36,5623,0,25.93,1114,73586,72,29.16,24239,85300,14,37.04,2828,218799,,,,,,,,,,,,,,,,,,,,,,,,,,,,,,,,,,,,,,,,,,,,,,,,,,,,
29-05-2022,0,11.11,52,5559,0,25.93,890,74122,62,29.16,8195,73473,25,37.04,2706,214136,,,,,,,,,,,,,,,,,,,,,,,,,,,,,,,,,,,,,,,,,,,,,,,,,,,,
30-05-2022,0,11.11,85,5495,0,25.93,1118,64665,63,29.15,24082,64530,19,37.04,2338,210633,,,,,,,,,,,,,,,,,,,,,,,,,,,,,,,,,,,,,,,,,,,,,,,,,,,,
31-05-2022,4,11.11,88,5495,1,25.93,1010,55208,160,29.15,41377,53216,6,37.04,2745,205725,,,,,,,,,,,,,,,,,,,,,,,,,,,,,,,,,,,,,,,,,,,,,,,,,,,,
01-06-2022,2,11.11,72,5495,0,25.93,1047,45058,125,29.15,40979,44927,5,37.04,3712,220201,,,,,,,,,,,,,,,,,,,,,,,,,,,,,,,,,,,,,,,,,,,,,,,,,,,,
02-06-2022,1,11.11,101,5896,1,25.93,2208,45807,129,29.15,41273,38943,10,37.04,4041,191996,,,,,,,,,,,,,,,,,,,,,,,,,,,,,,,,,,,,,,,,,,,,,,,,,,,,
03-06-2022,0,11.11,64,6298,0,25.93,1039,42376,41,29.12,36189,29120,26,37.04,3962,177984,,,,,,,,,,,,,,,,,,,,,,,,,,,,,,,,,,,,,,,,,,,,,,,,,,,,
04-06-2022,0,11.11,31,6699,0,25.93,881,48744,0,29.12,0,29882,15,37.04,4270,165155,,,,,,,,,,,,,,,,,,,,,,,,,,,,,,,,,,,,,,,,,,,,,,,,,,,,
05-06-2022,0,11.11,0,7100,0,25.93,685,46506,0,29.11,0,31227,9,37.04,4518,158776,,,,,,,,,,,,,,,,,,,,,,,,,,,,,,,,,,,,,,,,,,,,,,,,,,,,
06-06-2022,1,11.11,73,7501,1,25.93,806,41868,70,29.11,57639,29524,7,37.04,3714,158388,,,,,,,,,,,,,,,,,,,,,,,,,,,,,,,,,,,,,,,,,,,,,,,,,,,,
07-06-2022,0,11.11,53,7903,0,25.93,960,37855,307,29.1,71045,33685,7,37.04,5233,157651,,,,,,,,,,,,,,,,,,,,,,,,,,,,,,,,,,,,,,,,,,,,,,,,,,,,
08-06-2022,0,11.11,43,8304,0,25.93,913,39985,299,29.09,49614,32150,8,37.04,7240,143837,,,,,,,,,,,,,,,,,,,,,,,,,,,,,,,,,,,,,,,,,,,,,,,,,,,,
09-06-2022,0,11.11,80,8304,0,25.93,802,53774,143,28.97,45073,40397,24,37.04,7584,167553,,,,,,,,,,,,,,,,,,,,,,,,,,,,,,,,,,,,,,,,,,,,,,,,,,,,
10-06-2022,0,11.11,0,8304,1,25.93,961,57901,170,28.97,56491,35634,10,37.04,8329,174975,,,,,,,,,,,,,,,,,,,,,,,,,,,,,,,,,,,,,,,,,,,,,,,,,,,,
11-06-2022,0,11.11,0,8304,1,25.93,1563,56132,114,28.95,27796,31347,4,37.04,8582,180501,,,,,,,,,,,,,,,,,,,,,,,,,,,,,,,,,,,,,,,,,,,,,,,,,,,,
12-06-2022,0,11.11,0,8304,0,25.93,568,59930,36,28.95,11728,29887,10,37.04,8084,185054,,,,,,,,,,,,,,,,,,,,,,,,,,,,,,,,,,,,,,,,,,,,,,,,,,,,
13-06-2022,1,11.11,256,8304,0,25.93,617,61541,70,27.51,40173,29512,6,37.04,6594,196777,,,,,,,,,,,,,,,,,,,,,,,,,,,,,,,,,,,,,,,,,,,,,,,,,,,,
14-06-2022,0,11.11,58,8304,0,25.93,856,65813,174,27.5,44441,27220,15,37.04,8822,197164,,,,,,,,,,,,,,,,,,,,,,,,,,,,,,,,,,,,,,,,,,,,,,,,,,,,
15-06-2022,0,11.11,58,8304,0,25.93,866,66306,339,27.5,70290,26677,11,37.04,12213,189707,,,,,,,,,,,,,,,,,,,,,,,,,,,,,,,,,,,,,,,,,,,,,,,,,,,,
16-06-2022,3,11.11,229,8459,0,25.93,774,58954,0,27.49,0,23334,14,37.04,12847,187420,,,,,,,,,,,,,,,,,,,,,,,,,,,,,,,,,,,,,,,,,,,,,,,,,,,,
17-06-2022,0,11.11,69,8615,0,25.93,1483,59684,0,27.48,0,22293,23,37.04,13216,184156,,,,,,,,,,,,,,,,,,,,,,,,,,,,,,,,,,,,,,,,,,,,,,,,,,,,
18-06-2022,0,11.11,40,8770,0,25.93,699,64649,0,27.48,0,21433,15,37.04,12899,182202,,,,,,,,,,,,,,,,,,,,,,,,,,,,,,,,,,,,,,,,,,,,,,,,,,,,
19-06-2022,0,11.11,92,8925,0,25.93,533,65617,0,27.48,0,20978,18,37.04,12781,175216,,,,,,,,,,,,,,,,,,,,,,,,,,,,,,,,,,,,,,,,,,,,,,,,,,,,
20-06-2022,1,11.11,59,9081,0,25.93,521,74932,468,27.47,142696,22568,17,37.04,9923,161984,,,,,,,,,,,,,,,,,,,,,,,,,,,,,,,,,,,,,,,,,,,,,,,,,,,,
21-06-2022,1,11.11,83,9236,0,25.93,748,80961,229,27.47,64362,23172,13,37.04,12249,157503,,,,,,,,,,,,,,,,,,,,,,,,,,,,,,,,,,,,,,,,,,,,,,,,,,,,
22-06-2022,0,11.11,104,9379,1,25.93,946,86991,140,27.46,71906,24589,38,37.04,13313,154674,,,,,,,,,,,,,,,,,,,,,,,,,,,,,,,,,,,,,,,,,,,,,,,,,,,,
23-06-2022,0,11.11,75,9367,0,25.93,740,93021,365,27.45,72049,17104,13,37.04,17336,154293,,,,,,,,,,,,,,,,,,,,,,,,,,,,,,,,,,,,,,,,,,,,,,,,,,,,
24-06-2022,2,11.11,46,9355,0,25.93,1639,91780,334,27.45,60384,18361,20,37.04,15940,153905,,,,,,,,,,,,,,,,,,,,,,,,,,,,,,,,,,,,,,,,,,,,,,,,,,,,
25-06-2022,0,11.11,39,9343,0,25.93,657,83158,0,27.45,0,17531,25,37.04,11739,156053,,,,,,,,,,,,,,,,,,,,,,,,,,,,,,,,,,,,,,,,,,,,,,,,,,,,
26-06-2022,0,11.11,77,9331,0,25.93,557,80571,0,27.45,0,17716,21,37.04,17073,158952,,,,,,,,,,,,,,,,,,,,,,,,,,,,,,,,,,,,,,,,,,,,,,,,,,,,
27-06-2022,3,11.11,79,9319,0,25.93,637,83254,303,27.44,107150,16888,27,37.04,11793,160626,,,,,,,,,,,,,,,,,,,,,,,,,,,,,,,,,,,,,,,,,,,,,,,,,,,,
28-06-2022,2,11.11,96,9307,3,25.93,769,77947,316,27.44,76638,19339,30,37.04,14506,171902,,,,,,,,,,,,,,,,,,,,,,,,,,,,,,,,,,,,,,,,,,,,,,,,,,,,
29-06-2022,0,11.11,79,9307,0,25.93,777,72639,0,27.41,0,21900,39,37.04,18819,177132,,,,,,,,,,,,,,,,,,,,,,,,,,,,,,,,,,,,,,,,,,,,,,,,,,,,
30-06-2022,1,11.11,125,9307,0,25.93,839,64698,568,27.41,151064,20703,23,37.04,17070,178313,,,,,,,,,,,,,,,,,,,,,,,,,,,,,,,,,,,,,,,,,,,,,,,,,,,,
01-07-2022,0,11.11,66,8577,0,25.93,927,58527,284,27.39,76045,26314,29,37.04,17092,175455,,,,,,,,,,,,,,,,,,,,,,,,,,,,,,,,,,,,,,,,,,,,,,,,,,,,
02-07-2022,0,11.11,49,7848,0,25.93,730,59079,158,27.39,37784,27702,31,37.04,16103,165575,,,,,,,,,,,,,,,,,,,,,,,,,,,,,,,,,,,,,,,,,,,,,,,,,,,,
03-07-2022,1,11.11,81,7119,0,25.93,512,57311,53,27.38,18575,29548,24,37.04,16135,160739,,,,,,,,,,,,,,,,,,,,,,,,,,,,,,,,,,,,,,,,,,,,,,,,,,,,
04-07-2022,1,11.11,69,6389,1,25.93,685,48693,122,27.38,45501,30255,19,37.04,13086,156843,,,,,,,,,,,,,,,,,,,,,,,,,,,,,,,,,,,,,,,,,,,,,,,,,,,,
05-07-2022,0,11.11,0,5660,1,25.93,989,48065,396,27.37,74591,27063,28,37.04,16159,145329,,,,,,,,,,,,,,,,,,,,,,,,,,,,,,,,,,,,,,,,,,,,,,,,,,,,
06-07-2022,0,11.11,186,4930,0,25.93,914,47438,361,27.37,77166,24782,35,37.04,18930,138257,,,,,,,,,,,,,,,,,,,,,,,,,,,,,,,,,,,,,,,,,,,,,,,,,,,,
07-07-2022,2,11.11,105,4201,0,25.93,913,49444,283,27.36,72050,25874,38,37.04,18815,134721,,,,,,,,,,,,,,,,,,,,,,,,,,,,,,,,,,,,,,,,,,,,,,,,,,,,
08-07-2022,1,11.11,137,4201,0,25.93,802,54454,266,27.36,71114,19724,43,37.04,18840,141589,,,,,,,,,,,,,,,,,,,,,,,,,,,,,,,,,,,,,,,,,,,,,,,,,,,,
09-07-2022,0,11.11,14,4201,0,25.93,1406,59464,215,27.36,43657,19703,42,37.04,18257,144542,,,,,,,,,,,,,,,,,,,,,,,,,,,,,,,,,,,,,,,,,,,,,,,,,,,,
10-07-2022,0,11.11,30,4201,0,25.93,465,67795,56,27.35,21963,17755,26,37.04,16678,151247,,,,,,,,,,,,,,,,,,,,,,,,,,,,,,,,,,,,,,,,,,,,,,,,,,,,
11-07-2022,0,11.11,3,7970,0,25.93,568,67493,148,27.35,44043,16605,20,37.04,13615,166362,,,,,,,,,,,,,,,,,,,,,,,,,,,,,,,,,,,,,,,,,,,,,,,,,,,,
12-07-2022,0,11.11,4,11740,1,25.93,873,67191,344,27.35,64048,14948,45,37.04,16906,162366,,,,,,,,,,,,,,,,,,,,,,,,,,,,,,,,,,,,,,,,,,,,,,,,,,,,
13-07-2022,0,11.11,13,15509,0,25.93,1003,66888,380,27.34,72224,12378,38,37.04,20139,172624,,,,,,,,,,,,,,,,,,,,,,,,,,,,,,,,,,,,,,,,,,,,,,,,,,,,
14-07-2022,0,11.11,73,19279,0,25.93,932,66586,297,27.33,65379,12521,47,37.04,20038,176051,,,,,,,,,,,,,,,,,,,,,,,,,,,,,,,,,,,,,,,,,,,,,,,,,,,,
15-07-2022,1,11.11,49,23048,0,25.93,956,66586,311,27.33,107959,12517,56,37.04,20044,174848,,,,,,,,,,,,,,,,,,,,,,,,,,,,,,,,,,,,,,,,,,,,,,,,,,,,
16-07-2022,1,11.11,38,26818,1,25.93,705,66586,205,27.32,40149,12512,49,37.04,20528,165065,,,,,,,,,,,,,,,,,,,,,,,,,,,,,,,,,,,,,,,,,,,,,,,,,,,,
17-07-2022,1,11.11,127,30587,0,25.93,745,66586,55,27.32,10852,12565,51,37.04,16935,155281,,,,,,,,,,,,,,,,,,,,,,,,,,,,,,,,,,,,,,,,,,,,,,,,,,,,
18-07-2022,2,11.11,115,109793,0,25.93,840,66586,168,27.32,38697,15320,25,37.04,15528,148081,,,,,,,,,,,,,,,,,,,,,,,,,,,,,,,,,,,,,,,,,,,,,,,,,,,,
19-07-2022,3,11.11,221,188998,0,25.93,1097,66586,353,27.32,57999,18614,36,37.04,18616,144642,,,,,,,,,,,,,,,,,,,,,,,,,,,,,,,,,,,,,,,,,,,,,,,,,,,,
20-07-2022,1,11.11,130,187401,0,25.93,1162,66586,346,27.32,56480,21908,45,37.04,23050,136824,,,,,,,,,,,,,,,,,,,,,,,,,,,,,,,,,,,,,,,,,,,,,,,,,,,,
21-07-2022,1,11.11,186,185803,0,25.93,1292,66586,269,27.32,51433,22490,64,37.04,22337,134569,,,,,,,,,,,,,,,,,,,,,,,,,,,,,,,,,,,,,,,,,,,,,,,,,,,,
22-07-2022,0,11.11,136,184206,1,25.93,1142,64383,280,27.32,49799,25619,67,37.04,21411,137742,,,,,,,,,,,,,,,,,,,,,,,,,,,,,,,,,,,,,,,,,,,,,,,,,,,,
23-07-2022,0,11.11,113,182609,0,25.93,1072,62180,0,27.32,0,28749,36,37.04,20279,151021,,,,,,,,,,,,,,,,,,,,,,,,,,,,,,,,,,,,,,,,,,,,,,,,,,,,
24-07-2022,0,11.11,114,181012,0,25.93,748,59977,198,27.27,35830,33065,41,37.04,16866,159698,,,,,,,,,,,,,,,,,,,,,,,,,,,,,,,,,,,,,,,,,,,,,,,,,,,,
25-07-2022,0,11.11,232,100209,0,25.93,896,57775,179,25.72,30609,34306,36,37.04,14830,161970,,,,,,,,,,,,,,,,,,,,,,,,,,,,,,,,,,,,,,,,,,,,,,,,,,,,
26-07-2022,4,11.11,267,19407,0,25.93,1460,55572,351,25.72,37914,35546,57,37.04,18313,168341,,,,,,,,,,,,,,,,,,,,,,,,,,,,,,,,,,,,,,,,,,,,,,,,,,,,
27-07-2022,1,11.11,186,19407,0,25.93,2676,53369,310,25.72,44514,36787,45,37.04,20557,167633,,,,,,,,,,,,,,,,,,,,,,,,,,,,,,,,,,,,,,,,,,,,,,,,,,,,
28-07-2022,0,11.11,121,39644,0,25.93,1699,51166,265,25.72,44592,38028,46,37.04,20409,168083,,,,,,,,,,,,,,,,,,,,,,,,,,,,,,,,,,,,,,,,,,,,,,,,,,,,
29-07-2022,0,11.11,88,59881,1,25.93,1805,51166,244,25.72,41713,39268,54,37.04,20408,166272,,,,,,,,,,,,,,,,,,,,,,,,,,,,,,,,,,,,,,,,,,,,,,,,,,,,
30-07-2022,2,11.11,71,80118,0,25.93,1670,51166,173,25.72,22889,40509,45,37.04,19673,163991,,,,,,,,,,,,,,,,,,,,,,,,,,,,,,,,,,,,,,,,,,,,,,,,,,,,
31-07-2022,3,11.11,197,100355,0,25.93,1478,51166,28,25.72,20313,41749,39,37.04,16464,160812,,,,,,,,,,,,,,,,,,,,,,,,,,,,,,,,,,,,,,,,,,,,,,,,,,,,
01-08-2022,3,11.11,181,120592,0,25.93,1377,51166,201,25.72,22064,41749,34,37.04,13734,150641,,,,,,,,,,,,,,,,,,,,,,,,,,,,,,,,,,,,,,,,,,,,,,,,,,,,
02-08-2022,0,11.11,190,140829,1,25.93,2017,51166,295,25.72,34464,41749,47,31.48,17135,147975,,,,,,,,,,,,,,,,,,,,,,,,,,,,,,,,,,,,,,,,,,,,,,,,,,,,
03-08-2022,1,11.11,273,161066,0,25.93,2096,51166,265,25.72,33633,41749,53,31.48,19893,145149,,,,,,,,,,,,,,,,,,,,,,,,,,,,,,,,,,,,,,,,,,,,,,,,,,,,
04-08-2022,0,11.11,304,161066,0,25.93,,51166,261,25.72,40433,41749,70,31.48,20551,138363,,,,,,,,,,,,,,,,,,,,,,,,,,,,,,,,,,,,,,,,,,,,,,,,,,,,
05-08-2022,0,11.11,340,161066,0,25.93,2075,52247,222,23.97,29976,41749,49,31.48,19406,135129,,,,,,,,,,,,,,,,,,,,,,,,,,,,,,,,,,,,,,,,,,,,,,,,,,,,
06-08-2022,0,11.11,72,161066,0,25.93,,53328,181,23.97,16703,41749,40,31.48,18715,134112,,,,,,,,,,,,,,,,,,,,,,,,,,,,,,,,,,,,,,,,,,,,,,,,,,,,
07-08-2022,0,11.11,333,161066,0,25.93,1381,54409,57,23.97,7198,41749,0,31.48,0,136507,,,,,,,,,,,,,,,,,,,,,,,,,,,,,,,,,,,,,,,,,,,,,,,,,,,,
08-08-2022,1,11.11,243,162847,0,25.93,1705,55490,170,23.94,17409,41749,83,31.48,28941,151111,,,,,,,,,,,,,,,,,,,,,,,,,,,,,,,,,,,,,,,,,,,,,,,,,,,,
09-08-2022,0,11.11,281,164628,0,25.93,2340,56572,365,23.94,30220,38970,54,31.48,16047,150439,,,,,,,,,,,,,,,,,,,,,,,,,,,,,,,,,,,,,,,,,,,,,,,,,,,,
10-08-2022,0,11.11,236,166409,1,25.93,2010,57653,0,23.94,0,38107,53,31.48,16299,140834,,,,,,,,,,,,,,,,,,,,,,,,,,,,,,,,,,,,,,,,,,,,,,,,,,,,
11-08-2022,2,11.11,304,168190,0,25.93,6775,58734,475,23.94,58579,36143,49,31.48,16561,136251,,,,,,,,,,,,,,,,,,,,,,,,,,,,,,,,,,,,,,,,,,,,,,,,,,,,
12-08-2022,0,11.11,198,169971,1,25.93,2192,58734,247,23.93,23552,38060,68,31.48,15815,120520,,,,,,,,,,,,,,,,,,,,,,,,,,,,,,,,,,,,,,,,,,,,,,,,,,,,
13-08-2022,3,11.11,116,171752,1,25.93,1815,58734,0,23.93,0,33367,41,31.48,14092,111000,,,,,,,,,,,,,,,,,,,,,,,,,,,,,,,,,,,,,,,,,,,,,,,,,,,,
14-08-2022,0,11.11,225,173533,1,25.93,1429,58734,0,23.93,0,28674,32,31.48,14917,103942,,,,,,,,,,,,,,,,,,,,,,,,,,,,,,,,,,,,,,,,,,,,,,,,,,,,
15-08-2022,1,11.11,298,173533,0,25.93,1695,58734,304,23.93,30109,25662,29,31.48,9330,90256,,,,,,,,,,,,,,,,,,,,,,,,,,,,,,,,,,,,,,,,,,,,,,,,,,,,
16-08-2022,0,11.11,134,152023,2,25.93,2983,58734,206,23.93,23040,26586,36,31.48,8545,74725,,,,,,,,,,,,,,,,,,,,,,,,,,,,,,,,,,,,,,,,,,,,,,,,,,,,
17-08-2022,0,11.11,233,130514,3,25.93,2814,58734,247,23.93,21927,25592,72,31.48,12608,77984,,,,,,,,,,,,,,,,,,,,,,,,,,,,,,,,,,,,,,,,,,,,,,,,,,,,
18-08-2022,0,11.11,300,109005,0,25.93,3295,58734,206,23.93,22167,25700,47,31.48,15754,80112,,,,,,,,,,,,,,,,,,,,,,,,,,,,,,,,,,,,,,,,,,,,,,,,,,,,
19-08-2022,0,11.11,244,87496,0,25.93,2983,54044,142,23.92,18863,19517,36,31.48,13272,84656,,,,,,,,,,,,,,,,,,,,,,,,,,,,,,,,,,,,,,,,,,,,,,,,,,,,
20-08-2022,0,11.11,181,65987,1,25.93,2704,49353,0,23.92,0,23278,43,31.48,11539,78779,,,,,,,,,,,,,,,,,,,,,,,,,,,,,,,,,,,,,,,,,,,,,,,,,,,,
21-08-2022,3,11.11,208,44478,1,25.93,1561,44663,0,23.92,0,23687,36,31.48,9531,79807,,,,,,,,,,,,,,,,,,,,,,,,,,,,,,,,,,,,,,,,,,,,,,,,,,,,
22-08-2022,5,11.11,397,22969,1,25.93,2197,39973,191,23.92,20627,23211,48,31.48,8586,87331,,,,,,,,,,,,,,,,,,,,,,,,,,,,,,,,,,,,,,,,,,,,,,,,,,,,
23-08-2022,1,11.11,207,21516,0,25.93,3252,35283,0,23.92,0,37149,36,31.48,10649,98161,,,,,,,,,,,,,,,,,,,,,,,,,,,,,,,,,,,,,,,,,,,,,,,,,,,,
24-08-2022,1,11.11,338,20063,2,25.93,3591,30593,527,23.92,44736,40918,36,31.48,10725,100458,,,,,,,,,,,,,,,,,,,,,,,,,,,,,,,,,,,,,,,,,,,,,,,,,,,,
25-08-2022,2,11.11,382,18610,2,25.93,3346,25903,157,23.92,21039,39218,68,31.48,10256,99010,,,,,,,,,,,,,,,,,,,,,,,,,,,,,,,,,,,,,,,,,,,,,,,,,,,,
26-08-2022,0,11.11,0,17157,0,25.93,3195,25903,164,23.92,18270,40720,41,31.48,9520,100779,,,,,,,,,,,,,,,,,,,,,,,,,,,,,,,,,,,,,,,,,,,,,,,,,,,,
27-08-2022,0,11.11,0,15705,1,25.93,2197,25903,0,23.92,0,36922,157,31.48,9436,107653,,,,,,,,,,,,,,,,,,,,,,,,,,,,,,,,,,,,,,,,,,,,,,,,,,,,
28-08-2022,6,11.11,496,14252,1,25.93,1705,25903,0,23.92,0,35298,45,31.48,7591,106477,,,,,,,,,,,,,,,,,,,,,,,,,,,,,,,,,,,,,,,,,,,,,,,,,,,,
29-08-2022,0,11.11,443,12799,1,25.93,2409,25903,225,22.22,28296,42808,0,31.48,0,99570,,,,,,,,,,,,,,,,,,,,,,,,,,,,,,,,,,,,,,,,,,,,,,,,,,,,
30-08-2022,0,11.11,98,12799,4,25.93,3241,25903,229,22.22,16806,26880,0,31.48,0,98369,,,,,,,,,,,,,,,,,,,,,,,,,,,,,,,,,,,,,,,,,,,,,,,,,,,,
31-08-2022,0,11.11,246,12799,0,25.93,2727,25903,114,22.22,15842,23112,112,31.48,20616,92398,,,,,,,,,,,,,,,,,,,,,,,,,,,,,,,,,,,,,,,,,,,,,,,,,,,,
01-09-2022,1,11.11,270,11599,0,25.93,2680,25903,0,22.22,0,23923,21,31.48,6168,85576,,,,,,,,,,,,,,,,,,,,,,,,,,,,,,,,,,,,,,,,,,,,,,,,,,,,
02-09-2022,0,11.11,0,10398,1,25.93,1548,24957,297,22.22,26292,23010,33,31.48,7219,80225,,,,,,,,,,,,,,,,,,,,,,,,,,,,,,,,,,,,,,,,,,,,,,,,,,,,
03-09-2022,2,11.11,392,9198,1,25.93,1596,24011,0,22.22,0,24687,26,31.48,6809,77385,,,,,,,,,,,,,,,,,,,,,,,,,,,,,,,,,,,,,,,,,,,,,,,,,,,,
04-09-2022,2,11.11,251,7998,1,25.93,1391,23065,0,22.22,0,25261,16,31.48,5910,73864,,,,,,,,,,,,,,,,,,,,,,,,,,,,,,,,,,,,,,,,,,,,,,,,,,,,
05-09-2022,1,11.11,192,7701,2,25.93,2161,22119,163,22.22,21394,16293,23,31.48,4417,76378,,,,,,,,,,,,,,,,,,,,,,,,,,,,,,,,,,,,,,,,,,,,,,,,,,,,
06-09-2022,0,11.11,259,7404,1,25.93,3699,21173,0,22.22,0,18200,27,31.48,2799,72108,,,,,,,,,,,,,,,,,,,,,,,,,,,,,,,,,,,,,,,,,,,,,,,,,,,,
07-09-2022,2,11.11,398,7107,2,25.93,3878,20227,0,22.22,0,14947,33,31.48,8975,72754,,,,,,,,,,,,,,,,,,,,,,,,,,,,,,,,,,,,,,,,,,,,,,,,,,,,
08-09-2022,1,11.11,286,8010,1,25.93,3191,19281,0,22.22,0,12928,31,31.48,6093,77313,,,,,,,,,,,,,,,,,,,,,,,,,,,,,,,,,,,,,,,,,,,,,,,,,,,,
09-09-2022,0,11.11,173,8914,0,25.93,3649,19112,388,22.22,39200,14010,18,31.48,5554,75249,,,,,,,,,,,,,,,,,,,,,,,,,,,,,,,,,,,,,,,,,,,,,,,,,,,,
10-09-2022,1,11.11,160,9817,0,25.93,2498,18943,0,22.22,0,12147,11,31.48,5076,73046,,,,,,,,,,,,,,,,,,,,,,,,,,,,,,,,,,,,,,,,,,,,,,,,,,,,
11-09-2022,0,11.11,294,10720,3,25.93,1643,18774,0,22.22,0,11795,15,31.48,5221,71324,,,,,,,,,,,,,,,,,,,,,,,,,,,,,,,,,,,,,,,,,,,,,,,,,,,,
12-09-2022,2,11.11,257,9744,1,25.93,2013,18605,85,22.22,17218,12011,20,31.48,1783,70654,,,,,,,,,,,,,,,,,,,,,,,,,,,,,,,,,,,,,,,,,,,,,,,,,,,,
13-09-2022,2,11.11,222,9168,2,25.93,3301,18435,104,22.22,10420,13795,31,31.48,7694,72630,,,,,,,,,,,,,,,,,,,,,,,,,,,,,,,,,,,,,,,,,,,,,,,,,,,,
14-09-2022,1,11.11,347,8592,0,25.93,3107,18266,119,22.22,14525,15892,34,31.48,6422,72461,,,,,,,,,,,,,,,,,,,,,,,,,,,,,,,,,,,,,,,,,,,,,,,,,,,,
15-09-2022,0,11.11,119,8016,5,25.93,2965,18097,82,22.22,9931,16639,23,31.48,6298,71905,,,,,,,,,,,,,,,,,,,,,,,,,,,,,,,,,,,,,,,,,,,,,,,,,,,,
16-09-2022,2,11.11,122,7440,0,25.93,3080,17451,0,22.22,0,15331,29,31.48,5747,71160,,,,,,,,,,,,,,,,,,,,,,,,,,,,,,,,,,,,,,,,,,,,,,,,,,,,
17-09-2022,0,11.11,74,6864,1,25.93,2479,16804,0,22.22,0,16473,35,31.48,5664,70772,,,,,,,,,,,,,,,,,,,,,,,,,,,,,,,,,,,,,,,,,,,,,,,,,,,,
18-09-2022,1,11.11,174,6287,1,25.93,1891,16158,0,22.22,0,16939,18,31.48,4858,69161,,,,,,,,,,,,,,,,,,,,,,,,,,,,,,,,,,,,,,,,,,,,,,,,,,,,
19-09-2022,1,11.11,194,6688,2,25.93,1778,15511,221,22.22,23330,17118,15,31.48,4043,66530,,,,,,,,,,,,,,,,,,,,,,,,,,,,,,,,,,,,,,,,,,,,,,,,,,,,
20-09-2022,0,11.11,174,6629,1,25.93,3177,14865,4,22.22,,12507,33,31.48,1922,62780,,,,,,,,,,,,,,,,,,,,,,,,,,,,,,,,,,,,,,,,,,,,,,,,,,,,
21-09-2022,0,5.56,180,6569,4,25.93,2287,14218,0,22.22,0,12455,26,31.48,8031,59759,,,,,,,,,,,,,,,,,,,,,,,,,,,,,,,,,,,,,,,,,,,,,,,,,,,,
22-09-2022,0,5.56,235,6510,0,25.93,1928,13572,249,22.22,24628,12978,20,31.48,5383,54811,,,,,,,,,,,,,,,,,,,,,,,,,,,,,,,,,,,,,,,,,,,,,,,,,,,,
23-09-2022,0,5.56,140,6451,0,25.93,2545,11993,73,22.22,7772,13391,38,31.48,4912,51486,,,,,,,,,,,,,,,,,,,,,,,,,,,,,,,,,,,,,,,,,,,,,,,,,,,,
24-09-2022,0,5.56,81,6392,0,25.93,1176,10414,0,22.22,0,12417,23,31.48,4777,48888,,,,,,,,,,,,,,,,,,,,,,,,,,,,,,,,,,,,,,,,,,,,,,,,,,,,
25-09-2022,0,5.56,172,6333,0,25.93,961,8836,0,22.22,0,12045,20,31.48,4129,48437,,,,,,,,,,,,,,,,,,,,,,,,,,,,,,,,,,,,,,,,,,,,,,,,,,,,
26-09-2022,2,5.56,127,6274,0,25.93,1432,7257,85,22.22,13861,72809,32,31.48,3230,47069,,,,,,,,,,,,,,,,,,,,,,,,,,,,,,,,,,,,,,,,,,,,,,,,,,,,
27-09-2022,0,5.56,207,6208,1,25.93,1588,5679,0,22.22,0,72935,22,31.48,3615,45404,,,,,,,,,,,,,,,,,,,,,,,,,,,,,,,,,,,,,,,,,,,,,,,,,,,,
28-09-2022,1,5.56,126,6143,0,25.93,1587,4100,92,22.22,15902,72103,27,31.48,4272,44043,,,,,,,,,,,,,,,,,,,,,,,,,,,,,,,,,,,,,,,,,,,,,,,,,,,,
29-09-2022,0,5.56,191,6011,1,25.93,978,2522,0,22.22,0,70405,18,31.48,3947,43263,,,,,,,,,,,,,,,,,,,,,,,,,,,,,,,,,,,,,,,,,,,,,,,,,,,,
30-09-2022,1,5.56,121,5879,0,25.93,1470,2522,109,22.22,18334,68706,26,31.48,3805,44512,,,,,,,,,,,,,,,,,,,,,,,,,,,,,,,,,,,,,,,,,,,,,,,,,,,,
01-10-2022,0,5.56,122,5747,1,25.93,672,2522,0,22.22,0,68263,18,31.48,3375,42919,,,,,,,,,,,,,,,,,,,,,,,,,,,,,,,,,,,,,,,,,,,,,,,,,,,,
02-10-2022,1,5.56,76,5615,0,25.93,490,2522,0,22.22,0,68667,28,31.48,3011,39152,,,,,,,,,,,,,,,,,,,,,,,,,,,,,,,,,,,,,,,,,,,,,,,,,,,,
03-10-2022,2,5.56,159,5483,0,25.93,796,2522,335,22.22,12005,7263,15,31.48,1968,35145,,,,,,,,,,,,,,,,,,,,,,,,,,,,,,,,,,,,,,,,,,,,,,,,,,,,
04-10-2022,0,5.56,145,5416,2,25.93,1020,2522,0,22.22,0,6714,17,31.48,2426,32136,,,,,,,,,,,,,,,,,,,,,,,,,,,,,,,,,,,,,,,,,,,,,,,,,,,,
05-10-2022,1,5.56,155,5107,0,25.93,1195,2522,202,22.22,14488,5420,12,31.48,2571,27995,,,,,,,,,,,,,,,,,,,,,,,,,,,,,,,,,,,,,,,,,,,,,,,,,,,,
06-10-2022,0,5.56,149,4864,0,25.93,1130,2522,133,22.22,8216,5420,9,31.48,1997,21826,,,,,,,,,,,,,,,,,,,,,,,,,,,,,,,,,,,,,,,,,,,,,,,,,,,,
07-10-2022,0,5.56,136,4622,1,25.93,702,2522,0,22.22,0,5420,24,31.48,2797,14985,,,,,,,,,,,,,,,,,,,,,,,,,,,,,,,,,,,,,,,,,,,,,,,,,,,,
08-10-2022,0,5.56,72,4380,1,25.93,682,2522,0,22.22,0,4646,21,31.48,2756,13072,,,,,,,,,,,,,,,,,,,,,,,,,,,,,,,,,,,,,,,,,,,,,,,,,,,,
09-10-2022,2,5.56,170,4137,0,25.93,371,2522,0,22.22,0,3871,15,31.48,2424,12509,,,,,,,,,,,,,,,,,,,,,,,,,,,,,,,,,,,,,,,,,,,,,,,,,,,,
10-10-2022,1,5.56,97,3895,0,25.93,1045,2522,171,22.22,16956,3179,8,31.48,1957,12583,,,,,,,,,,,,,,,,,,,,,,,,,,,,,,,,,,,,,,,,,,,,,,,,,,,,
11-10-2022,0,5.56,157,3653,1,23.15,1226,2522,86,22.22,7350,2404,13,31.48,,13935,,,,,,,,,,,,,,,,,,,,,,,,,,,,,,,,,,,,,,,,,,,,,,,,,,,,
12-10-2022,0,5.56,103,3849,1,23.15,1196,2522,0,22.22,0,2228,12,31.48,5084,18097,,,,,,,,,,,,,,,,,,,,,,,,,,,,,,,,,,,,,,,,,,,,,,,,,,,,
13-10-2022,2,5.56,117,4045,0,23.15,1070,2522,106,22.22,8326,2052,10,31.48,2678,20381,,,,,,,,,,,,,,,,,,,,,,,,,,,,,,,,,,,,,,,,,,,,,,,,,,,,
14-10-2022,0,5.56,168,4242,0,23.15,590,2496,75,22.22,6597,1278,17,31.48,2430,20853,,,,,,,,,,,,,,,,,,,,,,,,,,,,,,,,,,,,,,,,,,,,,,,,,,,,
15-10-2022,2,5.56,82,4438,0,23.15,732,2470,0,22.22,0,1278,21,31.48,2401,21601,,,,,,,,,,,,,,,,,,,,,,,,,,,,,,,,,,,,,,,,,,,,,,,,,,,,
16-10-2022,0,5.56,116,4634,0,23.15,325,2444,0,22.22,0,1278,10,31.48,2060,21961,,,,,,,,,,,,,,,,,,,,,,,,,,,,,,,,,,,,,,,,,,,,,,,,,,,,
17-10-2022,0,5.56,64,5403,2,23.15,673,2419,0,22.22,0,1196,8,31.48,1542,22067,,,,,,,,,,,,,,,,,,,,,,,,,,,,,,,,,,,,,,,,,,,,,,,,,,,,
18-10-2022,1,5.56,227,6172,1,23.15,623,2393,0,22.22,0,1237,10,31.48,1946,22211,,,,,,,,,,,,,,,,,,,,,,,,,,,,,,,,,,,,,,,,,,,,,,,,,,,,
19-10-2022,0,5.56,54,6744,1,23.15,1337,2367,279,22.22,24858,639,20,31.48,2141,20250,,,,,,,,,,,,,,,,,,,,,,,,,,,,,,,,,,,,,,,,,,,,,,,,,,,,
20-10-2022,2,5.56,193,7317,0,23.15,541,2341,0,22.22,0,41,10,31.48,2119,21730,,,,,,,,,,,,,,,,,,,,,,,,,,,,,,,,,,,,,,,,,,,,,,,,,,,,
21-10-2022,4,5.56,199,7889,0,23.15,582,2389,104,22.22,9142,41,4,31.48,2112,23233,,,,,,,,,,,,,,,,,,,,,,,,,,,,,,,,,,,,,,,,,,,,,,,,,,,,
22-10-2022,0,5.56,77,8462,0,23.15,475,2436,0,22.22,0,41,4,31.48,1994,22260,,,,,,,,,,,,,,,,,,,,,,,,,,,,,,,,,,,,,,,,,,,,,,,,,,,,
23-10-2022,0,5.56,82,9034,0,23.15,158,2484,0,22.22,0,41,16,31.48,1334,21001,,,,,,,,,,,,,,,,,,,,,,,,,,,,,,,,,,,,,,,,,,,,,,,,,,,,
24-10-2022,0,5.56,91,9034,2,23.15,546,2532,47,22.22,3324,41,3,31.48,862,20392,,,,,,,,,,,,,,,,,,,,,,,,,,,,,,,,,,,,,,,,,,,,,,,,,,,,
25-10-2022,2,5.56,148,8565,0,23.15,514,2579,136,22.22,15538,0,1,31.48,830,17117,,,,,,,,,,,,,,,,,,,,,,,,,,,,,,,,,,,,,,,,,,,,,,,,,,,,
26-10-2022,0,5.56,162,8097,1,23.15,826,2627,197,22.22,7751,0,6,31.48,1112,14445,,,,,,,,,,,,,,,,,,,,,,,,,,,,,,,,,,,,,,,,,,,,,,,,,,,,
27-10-2022,0,5.56,99,7628,3,23.15,484,2674,55,22.22,8183,0,12,31.48,2208,11133,,,,,,,,,,,,,,,,,,,,,,,,,,,,,,,,,,,,,,,,,,,,,,,,,,,,
28-10-2022,0,5.56,148,7159,2,23.15,2549,2383,0,22.22,0,0,9,31.48,1574,8027,,,,,,,,,,,,,,,,,,,,,,,,,,,,,,,,,,,,,,,,,,,,,,,,,,,,
29-10-2022,1,5.56,78,6690,1,23.15,263,2091,0,22.22,0,0,8,31.48,1594,6431,,,,,,,,,,,,,,,,,,,,,,,,,,,,,,,,,,,,,,,,,,,,,,,,,,,,
30-10-2022,0,5.56,132,6222,0,23.15,305,1800,0,22.22,0,0,8,31.48,1336,5792,,,,,,,,,,,,,,,,,,,,,,,,,,,,,,,,,,,,,,,,,,,,,,,,,,,,
31-10-2022,1,5.56,97,5753,0,23.15,411,1508,195,22.22,13491,0,53,31.48,1046,5971,,,,,,,,,,,,,,,,,,,,,,,,,,,,,,,,,,,,,,,,,,,,,,,,,,,,
01-11-2022,1,5.56,104,5753,1,23.15,449,1217,62,22.22,8286,0,1375,31.48,1190,6338,,,,,,,,,,,,,,,,,,,,,,,,,,,,,,,,,,,,,,,,,,,,,,,,,,,,
02-11-2022,0,5.56,98,9939,1,23.15,757,925,0,22.22,0,0,9,31.48,98,6665,,,,,,,,,,,,,,,,,,,,,,,,,,,,,,,,,,,,,,,,,,,,,,,,,,,,
03-11-2022,2,5.56,130,9858,0,23.15,819,634,48,22.22,9273,842,18,31.48,2439,6923,,,,,,,,,,,,,,,,,,,,,,,,,,,,,,,,,,,,,,,,,,,,,,,,,,,,
04-11-2022,0,5.56,102,9776,0,23.15,339,1455,65,22.22,2755,1683,7,31.48,1082,7251,,,,,,,,,,,,,,,,,,,,,,,,,,,,,,,,,,,,,,,,,,,,,,,,,,,,
05-11-2022,1,5.56,77,9694,0,23.15,359,2276,0,22.22,0,1742,14,31.48,1132,7198,,,,,,,,,,,,,,,,,,,,,,,,,,,,,,,,,,,,,,,,,,,,,,,,,,,,
06-11-2022,0,5.56,107,9612,1,23.15,241,3097,0,22.22,0,1802,9,31.48,925,7313,,,,,,,,,,,,,,,,,,,,,,,,,,,,,,,,,,,,,,,,,,,,,,,,,,,,
07-11-2022,2,5.56,148,9530,0,23.15,365,3918,63,22.22,6429,1861,0,31.48,,7129,,,,,,,,,,,,,,,,,,,,,,,,,,,,,,,,,,,,,,,,,,,,,,,,,,,,
08-11-2022,1,2.78,113,9448,0,23.15,442,4740,0,22.22,0,1920,0,31.48,0,7909,,,,,,,,,,,,,,,,,,,,,,,,,,,,,,,,,,,,,,,,,,,,,,,,,,,,
09-11-2022,0,2.78,152,4976,0,23.15,468,5561,0,22.22,0,1979,0,31.48,0,7780,,,,,,,,,,,,,,,,,,,,,,,,,,,,,,,,,,,,,,,,,,,,,,,,,,,,
10-11-2022,0,2.78,193,4773,0,23.15,416,6382,212,22.22,34084,1137,11,31.48,4517,7697,,,,,,,,,,,,,,,,,,,,,,,,,,,,,,,,,,,,,,,,,,,,,,,,,,,,
11-11-2022,0,2.78,105,4569,0,23.15,630,6382,49,22.22,18622,296,8,31.48,833,7405,,,,,,,,,,,,,,,,,,,,,,,,,,,,,,,,,,,,,,,,,,,,,,,,,,,,
12-11-2022,0,2.78,25,4366,0,23.15,277,6382,0,22.22,0,237,3,31.48,729,6949,,,,,,,,,,,,,,,,,,,,,,,,,,,,,,,,,,,,,,,,,,,,,,,,,,,,
13-11-2022,0,2.78,93,4162,0,23.15,242,6382,0,22.22,0,177,1,31.48,552,6706,,,,,,,,,,,,,,,,,,,,,,,,,,,,,,,,,,,,,,,,,,,,,,,,,,,,
14-11-2022,0,2.78,100,3959,0,23.15,204,6382,0,22.22,0,118,1,31.48,466,6623,,,,,,,,,,,,,,,,,,,,,,,,,,,,,,,,,,,,,,,,,,,,,,,,,,,,
15-11-2022,0,2.78,114,3755,0,23.15,580,6382,0,22.22,0,19997,2,31.48,510,6206,,,,,,,,,,,,,,,,,,,,,,,,,,,,,,,,,,,,,,,,,,,,,,,,,,,,
16-11-2022,1,2.78,96,5181,1,23.15,502,6382,108,22.22,29875,39875,11,31.48,635,6196,,,,,,,,,,,,,,,,,,,,,,,,,,,,,,,,,,,,,,,,,,,,,,,,,,,,
17-11-2022,0,2.78,162,5372,0,23.15,509,6382,71,22.22,32970,39875,7,31.48,,6161,,,,,,,,,,,,,,,,,,,,,,,,,,,,,,,,,,,,,,,,,,,,,,,,,,,,
18-11-2022,0,2.78,27,5563,1,23.15,435,7432,72,22.22,28452,39875,17,31.48,1781,5764,,,,,,,,,,,,,,,,,,,,,,,,,,,,,,,,,,,,,,,,,,,,,,,,,,,,
19-11-2022,1,2.78,30,5754,1,23.15,259,8483,0,22.22,0,39875,4,31.48,492,5697,,,,,,,,,,,,,,,,,,,,,,,,,,,,,,,,,,,,,,,,,,,,,,,,,,,,
20-11-2022,0,2.78,107,5945,0,23.15,274,9534,0,22.22,0,39875,12,31.48,406,5969,,,,,,,,,,,,,,,,,,,,,,,,,,,,,,,,,,,,,,,,,,,,,,,,,,,,
21-11-2022,1,2.78,83,6136,0,23.15,370,10584,0,22.22,0,39875,5,31.48,294,6027,,,,,,,,,,,,,,,,,,,,,,,,,,,,,,,,,,,,,,,,,,,,,,,,,,,,
22-11-2022,1,2.78,95,6327,0,23.15,316,11635,248,22.22,52657,19938,5,28.7,360,6326,,,,,,,,,,,,,,,,,,,,,,,,,,,,,,,,,,,,,,,,,,,,,,,,,,,,
23-11-2022,0,2.78,67,5093,0,23.15,546,12686,117,22.22,29884,0,5,28.7,408,6548,,,,,,,,,,,,,,,,,,,,,,,,,,,,,,,,,,,,,,,,,,,,,,,,,,,,
24-11-2022,0,2.78,115,5093,1,23.15,489,13736,70,22.22,23205,0,3,28.7,340,6192,,,,,,,,,,,,,,,,,,,,,,,,,,,,,,,,,,,,,,,,,,,,,,,,,,,,
25-11-2022,0,2.78,35,5093,0,23.15,574,13736,100,22.22,44262,0,4,28.7,394,6025,,,,,,,,,,,,,,,,,,,,,,,,,,,,,,,,,,,,,,,,,,,,,,,,,,,,
26-11-2022,0,2.78,71,5093,0,23.15,427,13736,0,22.22,0,0,4,28.7,345,6081,,,,,,,,,,,,,,,,,,,,,,,,,,,,,,,,,,,,,,,,,,,,,,,,,,,,
27-11-2022,0,2.78,0,5093,0,23.15,358,13736,0,22.22,0,0,2,28.7,291,5602,,,,,,,,,,,,,,,,,,,,,,,,,,,,,,,,,,,,,,,,,,,,,,,,,,,,
28-11-2022,0,2.78,190,4867,0,23.15,333,13736,0,22.22,0,22853,1,28.7,215,5375,,,,,,,,,,,,,,,,,,,,,,,,,,,,,,,,,,,,,,,,,,,,,,,,,,,,
29-11-2022,0,2.78,28,4641,2,23.15,558,13736,223,22.22,78096,45706,5,28.7,274,5184,,,,,,,,,,,,,,,,,,,,,,,,,,,,,,,,,,,,,,,,,,,,,,,,,,,,
30-11-2022,0,2.78,77,4415,3,23.15,485,13736,0,22.22,0,52905,2,28.7,296,4410,,,,,,,,,,,,,,,,,,,,,,,,,,,,,,,,,,,,,,,,,,,,,,,,,,,,
01-12-2022,1,2.78,166,4189,1,23.15,581,13736,280,22.22,74538,55248,2,28.7,275,4182,,,,,,,,,,,,,,,,,,,,,,,,,,,,,,,,,,,,,,,,,,,,,,,,,,,,
02-12-2022,0,2.78,60,3963,0,23.15,635,12285,129,22.22,35409,55937,3,28.7,252,4080,,,,,,,,,,,,,,,,,,,,,,,,,,,,,,,,,,,,,,,,,,,,,,,,,,,,
03-12-2022,0,2.78,12,3738,1,23.15,393,10833,0,22.22,0,56627,1,28.7,226,3734,,,,,,,,,,,,,,,,,,,,,,,,,,,,,,,,,,,,,,,,,,,,,,,,,,,,
04-12-2022,0,2.78,61,3512,0,23.15,205,9382,0,22.22,0,56909,2,28.7,226,3753,,,,,,,,,,,,,,,,,,,,,,,,,,,,,,,,,,,,,,,,,,,,,,,,,,,,
05-12-2022,1,2.78,67,3512,0,23.15,427,7930,155,22.22,58645,35042,3,28.7,164,3767,,,,,,,,,,,,,,,,,,,,,,,,,,,,,,,,,,,,,,,,,,,,,,,,,,,,
06-12-2022,0,0,58,4176,1,23.15,362,6479,0,22.22,0,13692,5,28.7,166,3296,,,,,,,,,,,,,,,,,,,,,,,,,,,,,,,,,,,,,,,,,,,,,,,,,,,,
07-12-2022,2,0,83,4841,0,23.15,500,5027,0,22.22,0,7995,9,28.7,241,3623,,,,,,,,,,,,,,,,,,,,,,,,,,,,,,,,,,,,,,,,,,,,,,,,,,,,
08-12-2022,2,0,51,5505,0,23.15,528,3576,448,22.22,135525,6167,6,28.7,249,3659,,,,,,,,,,,,,,,,,,,,,,,,,,,,,,,,,,,,,,,,,,,,,,,,,,,,
09-12-2022,0,0,39,6170,0,23.15,498,3576,0,22.22,0,5991,1,28.7,210,3658,,,,,,,,,,,,,,,,,,,,,,,,,,,,,,,,,,,,,,,,,,,,,,,,,,,,
10-12-2022,0,0,39,6835,0,23.15,408,3576,0,22.22,0,5963,4,28.7,173,3640,,,,,,,,,,,,,,,,,,,,,,,,,,,,,,,,,,,,,,,,,,,,,,,,,,,,
11-12-2022,0,0,60,7499,0,23.15,194,3576,0,22.22,0,5860,0,28.7,0,3585,,,,,,,,,,,,,,,,,,,,,,,,,,,,,,,,,,,,,,,,,,,,,,,,,,,,
12-12-2022,1,0,99,8164,0,23.15,383,3576,338,22.22,112054,5933,0,28.7,273,3677,,,,,,,,,,,,,,,,,,,,,,,,,,,,,,,,,,,,,,,,,,,,,,,,,,,,
13-12-2022,3,0,41,8164,1,23.15,366,3576,163,22.22,53148,5442,0,28.7,152,3704,,,,,,,,,,,,,,,,,,,,,,,,,,,,,,,,,,,,,,,,,,,,,,,,,,,,
14-12-2022,0,0,45,8164,0,23.15,320,3576,271,22.22,54493,4040,5,28.7,200,3964,,,,,,,,,,,,,,,,,,,,,,,,,,,,,,,,,,,,,,,,,,,,,,,,,,,,
15-12-2022,0,0,91,8164,0,23.15,389,3576,203,22.22,58421,3627,0,28.7,162,4086,,,,,,,,,,,,,,,,,,,,,,,,,,,,,,,,,,,,,,,,,,,,,,,,,,,,
16-12-2022,0,0,33,8164,0,23.15,334,3638,158,22.22,59694,27587,4,28.7,167,4305,,,,,,,,,,,,,,,,,,,,,,,,,,,,,,,,,,,,,,,,,,,,,,,,,,,,
17-12-2022,1,0,31,8164,0,23.15,319,3701,0,22.22,0,27566,5,28.7,176,4377,,,,,,,,,,,,,,,,,,,,,,,,,,,,,,,,,,,,,,,,,,,,,,,,,,,,
18-12-2022,1,0,94,8164,0,23.15,177,3763,0,22.22,0,57826,2,28.7,135,4327,,,,,,,,,,,,,,,,,,,,,,,,,,,,,,,,,,,,,,,,,,,,,,,,,,,,
19-12-2022,0,0,47,8164,1,23.15,234,3826,231,22.22,75537,57081,3,28.7,112,4291,,,,,,,,,,,,,,,,,,,,,,,,,,,,,,,,,,,,,,,,,,,,,,,,,,,,
20-12-2022,0,0,62,8164,0,23.15,206,3888,239,22.22,56697,56382,3,28.7,132,4397,,,,,,,,,,,,,,,,,,,,,,,,,,,,,,,,,,,,,,,,,,,,,,,,,,,,
21-12-2022,0,0,44,8164,1,23.15,200,3950,181,22.22,42681,56580,1,28.7,185,4193,,,,,,,,,,,,,,,,,,,,,,,,,,,,,,,,,,,,,,,,,,,,,,,,,,,,
22-12-2022,0,0,49,8164,1,23.15,213,4013,191,22.22,48404,56777,9,28.7,163,4201,,,,,,,,,,,,,,,,,,,,,,,,,,,,,,,,,,,,,,,,,,,,,,,,,,,,
23-12-2022,0,0,23,7697,2,23.15,313,3678,0,22.22,0,32345,1,28.7,201,4209,,,,,,,,,,,,,,,,,,,,,,,,,,,,,,,,,,,,,,,,,,,,,,,,,,,,
24-12-2022,0,0,48,7230,0,23.15,109,3344,0,22.22,0,32995,2,28.7,227,4669,,,,,,,,,,,,,,,,,,,,,,,,,,,,,,,,,,,,,,,,,,,,,,,,,,,,
25-12-2022,1,0,89,6764,0,23.15,71,3010,0,22.22,0,2894,2,28.7,187,5299,,,,,,,,,,,,,,,,,,,,,,,,,,,,,,,,,,,,,,,,,,,,,,,,,,,,
26-12-2022,0,0,39,6297,0,23.15,163,2676,317,22.22,97544,2614,1,28.7,166,5511,,,,,,,,,,,,,,,,,,,,,,,,,,,,,,,,,,,,,,,,,,,,,,,,,,,,
27-12-2022,0,0,22,5830,0,23.15,211,2342,230,22.22,35898,3219,0,28.7,188,6061,,,,,,,,,,,,,,,,,,,,,,,,,,,,,,,,,,,,,,,,,,,,,,,,,,,,
28-12-2022,0,0,33,5364,0,23.15,132,2007,363,22.22,38434,3130,2,28.7,268,6686,,,,,,,,,,,,,,,,,,,,,,,,,,,,,,,,,,,,,,,,,,,,,,,,,,,,
29-12-2022,1,0,18,4897,0,23.15,234,1673,172,22.22,37694,3040,1,28.7,243,7227,,,,,,,,,,,,,,,,,,,,,,,,,,,,,,,,,,,,,,,,,,,,,,,,,,,,
30-12-2022,0,0,39,4897,2,23.15,131,1673,119,22.22,28866,3053,3,28.7,226,7565,,,,,,,,,,,,,,,,,,,,,,,,,,,,,,,,,,,,,,,,,,,,,,,,,,,,
31-12-2022,2,0,9,4897,0,23.15,87,1673,0,22.22,0,1889,3,28.7,265,7676,,,,,,,,,,,,,,,,,,,,,,,,,,,,,,,,,,,,,,,,,,,,,,,,,,,,
